--
-- PostgreSQL database dump
--

SET statement_timeout = 0;
SET lock_timeout = 0;
SET client_encoding = 'UTF8';
SET standard_conforming_strings = on;
SET check_function_bodies = false;
SET client_min_messages = warning;

--
-- Name: plpgsql; Type: EXTENSION; Schema: -; Owner: 
--

CREATE EXTENSION IF NOT EXISTS plpgsql WITH SCHEMA pg_catalog;


--
-- Name: EXTENSION plpgsql; Type: COMMENT; Schema: -; Owner: 
--

COMMENT ON EXTENSION plpgsql IS 'PL/pgSQL procedural language';


SET search_path = public, pg_catalog;

SET default_tablespace = '';

SET default_with_oids = false;

--
-- Name: auth_group; Type: TABLE; Schema: public; Owner: postgres; Tablespace: 
--

CREATE TABLE auth_group (
    id integer NOT NULL,
    name character varying(80) NOT NULL
);


ALTER TABLE auth_group OWNER TO postgres;

--
-- Name: auth_group_id_seq; Type: SEQUENCE; Schema: public; Owner: postgres
--

CREATE SEQUENCE auth_group_id_seq
    START WITH 1
    INCREMENT BY 1
    NO MINVALUE
    NO MAXVALUE
    CACHE 1;


ALTER TABLE auth_group_id_seq OWNER TO postgres;

--
-- Name: auth_group_id_seq; Type: SEQUENCE OWNED BY; Schema: public; Owner: postgres
--

ALTER SEQUENCE auth_group_id_seq OWNED BY auth_group.id;


--
-- Name: auth_group_permissions; Type: TABLE; Schema: public; Owner: postgres; Tablespace: 
--

CREATE TABLE auth_group_permissions (
    id integer NOT NULL,
    group_id integer NOT NULL,
    permission_id integer NOT NULL
);


ALTER TABLE auth_group_permissions OWNER TO postgres;

--
-- Name: auth_group_permissions_id_seq; Type: SEQUENCE; Schema: public; Owner: postgres
--

CREATE SEQUENCE auth_group_permissions_id_seq
    START WITH 1
    INCREMENT BY 1
    NO MINVALUE
    NO MAXVALUE
    CACHE 1;


ALTER TABLE auth_group_permissions_id_seq OWNER TO postgres;

--
-- Name: auth_group_permissions_id_seq; Type: SEQUENCE OWNED BY; Schema: public; Owner: postgres
--

ALTER SEQUENCE auth_group_permissions_id_seq OWNED BY auth_group_permissions.id;


--
-- Name: auth_permission; Type: TABLE; Schema: public; Owner: postgres; Tablespace: 
--

CREATE TABLE auth_permission (
    id integer NOT NULL,
    name character varying(255) NOT NULL,
    content_type_id integer NOT NULL,
    codename character varying(100) NOT NULL
);


ALTER TABLE auth_permission OWNER TO postgres;

--
-- Name: auth_permission_id_seq; Type: SEQUENCE; Schema: public; Owner: postgres
--

CREATE SEQUENCE auth_permission_id_seq
    START WITH 1
    INCREMENT BY 1
    NO MINVALUE
    NO MAXVALUE
    CACHE 1;


ALTER TABLE auth_permission_id_seq OWNER TO postgres;

--
-- Name: auth_permission_id_seq; Type: SEQUENCE OWNED BY; Schema: public; Owner: postgres
--

ALTER SEQUENCE auth_permission_id_seq OWNED BY auth_permission.id;


--
-- Name: cart_address; Type: TABLE; Schema: public; Owner: postgres; Tablespace: 
--

CREATE TABLE cart_address (
    id integer NOT NULL,
    username character varying(512) NOT NULL,
    phone character varying(128),
    delivery_type character varying(12) NOT NULL,
    address_type character varying(12) NOT NULL,
    street character varying(1024) NOT NULL,
    house character varying(512) NOT NULL,
    landmark character varying(1024) NOT NULL,
    arena character varying(1024) NOT NULL,
    tribune integer NOT NULL,
    row_number integer NOT NULL,
    col_number integer NOT NULL,
    CONSTRAINT cart_address_col_number_check CHECK ((col_number >= 0)),
    CONSTRAINT cart_address_row_number_check CHECK ((row_number >= 0)),
    CONSTRAINT cart_address_tribune_check CHECK ((tribune >= 0))
);


ALTER TABLE cart_address OWNER TO postgres;

--
-- Name: cart_address_id_seq; Type: SEQUENCE; Schema: public; Owner: postgres
--

CREATE SEQUENCE cart_address_id_seq
    START WITH 1
    INCREMENT BY 1
    NO MINVALUE
    NO MAXVALUE
    CACHE 1;


ALTER TABLE cart_address_id_seq OWNER TO postgres;

--
-- Name: cart_address_id_seq; Type: SEQUENCE OWNED BY; Schema: public; Owner: postgres
--

ALTER SEQUENCE cart_address_id_seq OWNED BY cart_address.id;


--
-- Name: cart_cart; Type: TABLE; Schema: public; Owner: postgres; Tablespace: 
--

CREATE TABLE cart_cart (
    id integer NOT NULL,
    created_at timestamp with time zone NOT NULL,
    updated_at timestamp with time zone NOT NULL,
    token character varying(512) NOT NULL,
    user_id uuid
);


ALTER TABLE cart_cart OWNER TO postgres;

--
-- Name: cart_cart_id_seq; Type: SEQUENCE; Schema: public; Owner: postgres
--

CREATE SEQUENCE cart_cart_id_seq
    START WITH 1
    INCREMENT BY 1
    NO MINVALUE
    NO MAXVALUE
    CACHE 1;


ALTER TABLE cart_cart_id_seq OWNER TO postgres;

--
-- Name: cart_cart_id_seq; Type: SEQUENCE OWNED BY; Schema: public; Owner: postgres
--

ALTER SEQUENCE cart_cart_id_seq OWNED BY cart_cart.id;


--
-- Name: cart_cartitem; Type: TABLE; Schema: public; Owner: postgres; Tablespace: 
--

CREATE TABLE cart_cartitem (
    id integer NOT NULL,
    amount integer NOT NULL,
    cart_id integer NOT NULL,
    price_id integer NOT NULL
);


ALTER TABLE cart_cartitem OWNER TO postgres;

--
-- Name: cart_cartitem_id_seq; Type: SEQUENCE; Schema: public; Owner: postgres
--

CREATE SEQUENCE cart_cartitem_id_seq
    START WITH 1
    INCREMENT BY 1
    NO MINVALUE
    NO MAXVALUE
    CACHE 1;


ALTER TABLE cart_cartitem_id_seq OWNER TO postgres;

--
-- Name: cart_cartitem_id_seq; Type: SEQUENCE OWNED BY; Schema: public; Owner: postgres
--

ALTER SEQUENCE cart_cartitem_id_seq OWNED BY cart_cartitem.id;


--
-- Name: cart_order; Type: TABLE; Schema: public; Owner: postgres; Tablespace: 
--

CREATE TABLE cart_order (
    id integer NOT NULL,
    created_at timestamp with time zone NOT NULL,
    updated_at timestamp with time zone NOT NULL,
    status character varying(32) NOT NULL,
    address_id integer,
    cart_id integer NOT NULL,
    user_id uuid,
    number integer NOT NULL,
    comment text NOT NULL,
    started_at timestamp with time zone,
    online_status integer,
    payment_type character varying(16) NOT NULL,
    sb_form_url character varying(2048) NOT NULL,
    sb_remote_id character varying(128) NOT NULL,
    sb_internal_id character varying(512) NOT NULL,
    CONSTRAINT cart_order_number_check CHECK ((number >= 0))
);


ALTER TABLE cart_order OWNER TO postgres;

--
-- Name: cart_order_id_seq; Type: SEQUENCE; Schema: public; Owner: postgres
--

CREATE SEQUENCE cart_order_id_seq
    START WITH 1
    INCREMENT BY 1
    NO MINVALUE
    NO MAXVALUE
    CACHE 1;


ALTER TABLE cart_order_id_seq OWNER TO postgres;

--
-- Name: cart_order_id_seq; Type: SEQUENCE OWNED BY; Schema: public; Owner: postgres
--

ALTER SEQUENCE cart_order_id_seq OWNED BY cart_order.id;


--
-- Name: catalog_action; Type: TABLE; Schema: public; Owner: postgres; Tablespace: 
--

CREATE TABLE catalog_action (
    id integer NOT NULL,
    icon character varying(100) NOT NULL,
    color character varying(8) NOT NULL
);


ALTER TABLE catalog_action OWNER TO postgres;

--
-- Name: catalog_action_id_seq; Type: SEQUENCE; Schema: public; Owner: postgres
--

CREATE SEQUENCE catalog_action_id_seq
    START WITH 1
    INCREMENT BY 1
    NO MINVALUE
    NO MAXVALUE
    CACHE 1;


ALTER TABLE catalog_action_id_seq OWNER TO postgres;

--
-- Name: catalog_action_id_seq; Type: SEQUENCE OWNED BY; Schema: public; Owner: postgres
--

ALTER SEQUENCE catalog_action_id_seq OWNED BY catalog_action.id;


--
-- Name: catalog_action_translation; Type: TABLE; Schema: public; Owner: postgres; Tablespace: 
--

CREATE TABLE catalog_action_translation (
    id integer NOT NULL,
    language_code character varying(15) NOT NULL,
    name character varying(32) NOT NULL,
    master_id integer
);


ALTER TABLE catalog_action_translation OWNER TO postgres;

--
-- Name: catalog_action_translation_id_seq; Type: SEQUENCE; Schema: public; Owner: postgres
--

CREATE SEQUENCE catalog_action_translation_id_seq
    START WITH 1
    INCREMENT BY 1
    NO MINVALUE
    NO MAXVALUE
    CACHE 1;


ALTER TABLE catalog_action_translation_id_seq OWNER TO postgres;

--
-- Name: catalog_action_translation_id_seq; Type: SEQUENCE OWNED BY; Schema: public; Owner: postgres
--

ALTER SEQUENCE catalog_action_translation_id_seq OWNED BY catalog_action_translation.id;


--
-- Name: catalog_category; Type: TABLE; Schema: public; Owner: postgres; Tablespace: 
--

CREATE TABLE catalog_category (
    id integer NOT NULL,
    created_at timestamp with time zone NOT NULL,
    updated_at timestamp with time zone NOT NULL,
    icon character varying(100),
    "position" integer NOT NULL,
    CONSTRAINT catalog_category_position_check CHECK (("position" >= 0))
);


ALTER TABLE catalog_category OWNER TO postgres;

--
-- Name: catalog_category_id_seq; Type: SEQUENCE; Schema: public; Owner: postgres
--

CREATE SEQUENCE catalog_category_id_seq
    START WITH 1
    INCREMENT BY 1
    NO MINVALUE
    NO MAXVALUE
    CACHE 1;


ALTER TABLE catalog_category_id_seq OWNER TO postgres;

--
-- Name: catalog_category_id_seq; Type: SEQUENCE OWNED BY; Schema: public; Owner: postgres
--

ALTER SEQUENCE catalog_category_id_seq OWNED BY catalog_category.id;


--
-- Name: catalog_category_translation; Type: TABLE; Schema: public; Owner: postgres; Tablespace: 
--

CREATE TABLE catalog_category_translation (
    id integer NOT NULL,
    language_code character varying(15) NOT NULL,
    name character varying(512) NOT NULL,
    master_id integer
);


ALTER TABLE catalog_category_translation OWNER TO postgres;

--
-- Name: catalog_category_translation_id_seq; Type: SEQUENCE; Schema: public; Owner: postgres
--

CREATE SEQUENCE catalog_category_translation_id_seq
    START WITH 1
    INCREMENT BY 1
    NO MINVALUE
    NO MAXVALUE
    CACHE 1;


ALTER TABLE catalog_category_translation_id_seq OWNER TO postgres;

--
-- Name: catalog_category_translation_id_seq; Type: SEQUENCE OWNED BY; Schema: public; Owner: postgres
--

ALTER SEQUENCE catalog_category_translation_id_seq OWNED BY catalog_category_translation.id;


--
-- Name: catalog_favoriteproduct; Type: TABLE; Schema: public; Owner: postgres; Tablespace: 
--

CREATE TABLE catalog_favoriteproduct (
    id integer NOT NULL,
    created_at timestamp with time zone NOT NULL,
    product_id integer NOT NULL,
    user_id uuid NOT NULL
);


ALTER TABLE catalog_favoriteproduct OWNER TO postgres;

--
-- Name: catalog_favoriteproduct_id_seq; Type: SEQUENCE; Schema: public; Owner: postgres
--

CREATE SEQUENCE catalog_favoriteproduct_id_seq
    START WITH 1
    INCREMENT BY 1
    NO MINVALUE
    NO MAXVALUE
    CACHE 1;


ALTER TABLE catalog_favoriteproduct_id_seq OWNER TO postgres;

--
-- Name: catalog_favoriteproduct_id_seq; Type: SEQUENCE OWNED BY; Schema: public; Owner: postgres
--

ALTER SEQUENCE catalog_favoriteproduct_id_seq OWNED BY catalog_favoriteproduct.id;


--
-- Name: catalog_image; Type: TABLE; Schema: public; Owner: postgres; Tablespace: 
--

CREATE TABLE catalog_image (
    id integer NOT NULL,
    created_at timestamp with time zone NOT NULL,
    updated_at timestamp with time zone NOT NULL,
    object_id integer NOT NULL,
    image character varying(100) NOT NULL,
    "position" integer NOT NULL,
    content_type_id integer NOT NULL,
    CONSTRAINT catalog_image_position_check CHECK (("position" >= 0))
);


ALTER TABLE catalog_image OWNER TO postgres;

--
-- Name: catalog_image_id_seq; Type: SEQUENCE; Schema: public; Owner: postgres
--

CREATE SEQUENCE catalog_image_id_seq
    START WITH 1
    INCREMENT BY 1
    NO MINVALUE
    NO MAXVALUE
    CACHE 1;


ALTER TABLE catalog_image_id_seq OWNER TO postgres;

--
-- Name: catalog_image_id_seq; Type: SEQUENCE OWNED BY; Schema: public; Owner: postgres
--

ALTER SEQUENCE catalog_image_id_seq OWNED BY catalog_image.id;


--
-- Name: catalog_product; Type: TABLE; Schema: public; Owner: postgres; Tablespace: 
--

CREATE TABLE catalog_product (
    id integer NOT NULL,
    created_at timestamp with time zone NOT NULL,
    updated_at timestamp with time zone NOT NULL,
    is_active boolean NOT NULL,
    old_price numeric(20,2) NOT NULL,
    action_id integer,
    category_id integer NOT NULL,
    "position" integer NOT NULL,
    CONSTRAINT catalog_product_position_check CHECK (("position" >= 0))
);


ALTER TABLE catalog_product OWNER TO postgres;

--
-- Name: catalog_product_id_seq; Type: SEQUENCE; Schema: public; Owner: postgres
--

CREATE SEQUENCE catalog_product_id_seq
    START WITH 1
    INCREMENT BY 1
    NO MINVALUE
    NO MAXVALUE
    CACHE 1;


ALTER TABLE catalog_product_id_seq OWNER TO postgres;

--
-- Name: catalog_product_id_seq; Type: SEQUENCE OWNED BY; Schema: public; Owner: postgres
--

ALTER SEQUENCE catalog_product_id_seq OWNED BY catalog_product.id;


--
-- Name: catalog_product_specials; Type: TABLE; Schema: public; Owner: postgres; Tablespace: 
--

CREATE TABLE catalog_product_specials (
    id integer NOT NULL,
    from_product_id integer NOT NULL,
    to_product_id integer NOT NULL
);


ALTER TABLE catalog_product_specials OWNER TO postgres;

--
-- Name: catalog_product_specials_id_seq; Type: SEQUENCE; Schema: public; Owner: postgres
--

CREATE SEQUENCE catalog_product_specials_id_seq
    START WITH 1
    INCREMENT BY 1
    NO MINVALUE
    NO MAXVALUE
    CACHE 1;


ALTER TABLE catalog_product_specials_id_seq OWNER TO postgres;

--
-- Name: catalog_product_specials_id_seq; Type: SEQUENCE OWNED BY; Schema: public; Owner: postgres
--

ALTER SEQUENCE catalog_product_specials_id_seq OWNED BY catalog_product_specials.id;


--
-- Name: catalog_product_translation; Type: TABLE; Schema: public; Owner: postgres; Tablespace: 
--

CREATE TABLE catalog_product_translation (
    id integer NOT NULL,
    language_code character varying(15) NOT NULL,
    name character varying(512) NOT NULL,
    ingredients character varying(1024) NOT NULL,
    master_id integer
);


ALTER TABLE catalog_product_translation OWNER TO postgres;

--
-- Name: catalog_product_translation_id_seq; Type: SEQUENCE; Schema: public; Owner: postgres
--

CREATE SEQUENCE catalog_product_translation_id_seq
    START WITH 1
    INCREMENT BY 1
    NO MINVALUE
    NO MAXVALUE
    CACHE 1;


ALTER TABLE catalog_product_translation_id_seq OWNER TO postgres;

--
-- Name: catalog_product_translation_id_seq; Type: SEQUENCE OWNED BY; Schema: public; Owner: postgres
--

ALTER SEQUENCE catalog_product_translation_id_seq OWNED BY catalog_product_translation.id;


--
-- Name: catalog_productprice; Type: TABLE; Schema: public; Owner: postgres; Tablespace: 
--

CREATE TABLE catalog_productprice (
    id integer NOT NULL,
    created_at timestamp with time zone NOT NULL,
    updated_at timestamp with time zone NOT NULL,
    price numeric(20,2) NOT NULL,
    "position" integer NOT NULL,
    is_active boolean NOT NULL,
    product_id integer NOT NULL,
    CONSTRAINT catalog_productprice_position_check CHECK (("position" >= 0))
);


ALTER TABLE catalog_productprice OWNER TO postgres;

--
-- Name: catalog_productprice_id_seq; Type: SEQUENCE; Schema: public; Owner: postgres
--

CREATE SEQUENCE catalog_productprice_id_seq
    START WITH 1
    INCREMENT BY 1
    NO MINVALUE
    NO MAXVALUE
    CACHE 1;


ALTER TABLE catalog_productprice_id_seq OWNER TO postgres;

--
-- Name: catalog_productprice_id_seq; Type: SEQUENCE OWNED BY; Schema: public; Owner: postgres
--

ALTER SEQUENCE catalog_productprice_id_seq OWNED BY catalog_productprice.id;


--
-- Name: catalog_productprice_translation; Type: TABLE; Schema: public; Owner: postgres; Tablespace: 
--

CREATE TABLE catalog_productprice_translation (
    id integer NOT NULL,
    language_code character varying(15) NOT NULL,
    name character varying(512) NOT NULL,
    short_name character varying(512) NOT NULL,
    master_id integer
);


ALTER TABLE catalog_productprice_translation OWNER TO postgres;

--
-- Name: catalog_productprice_translation_id_seq; Type: SEQUENCE; Schema: public; Owner: postgres
--

CREATE SEQUENCE catalog_productprice_translation_id_seq
    START WITH 1
    INCREMENT BY 1
    NO MINVALUE
    NO MAXVALUE
    CACHE 1;


ALTER TABLE catalog_productprice_translation_id_seq OWNER TO postgres;

--
-- Name: catalog_productprice_translation_id_seq; Type: SEQUENCE OWNED BY; Schema: public; Owner: postgres
--

ALTER SEQUENCE catalog_productprice_translation_id_seq OWNED BY catalog_productprice_translation.id;


--
-- Name: celery_taskmeta; Type: TABLE; Schema: public; Owner: postgres; Tablespace: 
--

CREATE TABLE celery_taskmeta (
    id integer NOT NULL,
    task_id character varying(255) NOT NULL,
    status character varying(50) NOT NULL,
    result text,
    date_done timestamp with time zone NOT NULL,
    traceback text,
    hidden boolean NOT NULL,
    meta text
);


ALTER TABLE celery_taskmeta OWNER TO postgres;

--
-- Name: celery_taskmeta_id_seq; Type: SEQUENCE; Schema: public; Owner: postgres
--

CREATE SEQUENCE celery_taskmeta_id_seq
    START WITH 1
    INCREMENT BY 1
    NO MINVALUE
    NO MAXVALUE
    CACHE 1;


ALTER TABLE celery_taskmeta_id_seq OWNER TO postgres;

--
-- Name: celery_taskmeta_id_seq; Type: SEQUENCE OWNED BY; Schema: public; Owner: postgres
--

ALTER SEQUENCE celery_taskmeta_id_seq OWNED BY celery_taskmeta.id;


--
-- Name: celery_tasksetmeta; Type: TABLE; Schema: public; Owner: postgres; Tablespace: 
--

CREATE TABLE celery_tasksetmeta (
    id integer NOT NULL,
    taskset_id character varying(255) NOT NULL,
    result text NOT NULL,
    date_done timestamp with time zone NOT NULL,
    hidden boolean NOT NULL
);


ALTER TABLE celery_tasksetmeta OWNER TO postgres;

--
-- Name: celery_tasksetmeta_id_seq; Type: SEQUENCE; Schema: public; Owner: postgres
--

CREATE SEQUENCE celery_tasksetmeta_id_seq
    START WITH 1
    INCREMENT BY 1
    NO MINVALUE
    NO MAXVALUE
    CACHE 1;


ALTER TABLE celery_tasksetmeta_id_seq OWNER TO postgres;

--
-- Name: celery_tasksetmeta_id_seq; Type: SEQUENCE OWNED BY; Schema: public; Owner: postgres
--

ALTER SEQUENCE celery_tasksetmeta_id_seq OWNED BY celery_tasksetmeta.id;


--
-- Name: core_action; Type: TABLE; Schema: public; Owner: postgres; Tablespace: 
--

CREATE TABLE core_action (
    id integer NOT NULL,
    created_at timestamp with time zone NOT NULL,
    updated_at timestamp with time zone NOT NULL,
    active_from timestamp with time zone,
    active_until timestamp with time zone,
    picture character varying(100) NOT NULL
);


ALTER TABLE core_action OWNER TO postgres;

--
-- Name: core_action_id_seq; Type: SEQUENCE; Schema: public; Owner: postgres
--

CREATE SEQUENCE core_action_id_seq
    START WITH 1
    INCREMENT BY 1
    NO MINVALUE
    NO MAXVALUE
    CACHE 1;


ALTER TABLE core_action_id_seq OWNER TO postgres;

--
-- Name: core_action_id_seq; Type: SEQUENCE OWNED BY; Schema: public; Owner: postgres
--

ALTER SEQUENCE core_action_id_seq OWNED BY core_action.id;


--
-- Name: core_action_translation; Type: TABLE; Schema: public; Owner: postgres; Tablespace: 
--

CREATE TABLE core_action_translation (
    id integer NOT NULL,
    language_code character varying(15) NOT NULL,
    title character varying(1024) NOT NULL,
    text text NOT NULL,
    master_id integer
);


ALTER TABLE core_action_translation OWNER TO postgres;

--
-- Name: core_action_translation_id_seq; Type: SEQUENCE; Schema: public; Owner: postgres
--

CREATE SEQUENCE core_action_translation_id_seq
    START WITH 1
    INCREMENT BY 1
    NO MINVALUE
    NO MAXVALUE
    CACHE 1;


ALTER TABLE core_action_translation_id_seq OWNER TO postgres;

--
-- Name: core_action_translation_id_seq; Type: SEQUENCE OWNED BY; Schema: public; Owner: postgres
--

ALTER SEQUENCE core_action_translation_id_seq OWNED BY core_action_translation.id;


--
-- Name: core_availablestreet; Type: TABLE; Schema: public; Owner: postgres; Tablespace: 
--

CREATE TABLE core_availablestreet (
    id integer NOT NULL,
    created_at timestamp with time zone NOT NULL,
    updated_at timestamp with time zone NOT NULL,
    keywords text NOT NULL
);


ALTER TABLE core_availablestreet OWNER TO postgres;

--
-- Name: core_availablestreet_id_seq; Type: SEQUENCE; Schema: public; Owner: postgres
--

CREATE SEQUENCE core_availablestreet_id_seq
    START WITH 1
    INCREMENT BY 1
    NO MINVALUE
    NO MAXVALUE
    CACHE 1;


ALTER TABLE core_availablestreet_id_seq OWNER TO postgres;

--
-- Name: core_availablestreet_id_seq; Type: SEQUENCE OWNED BY; Schema: public; Owner: postgres
--

ALTER SEQUENCE core_availablestreet_id_seq OWNED BY core_availablestreet.id;


--
-- Name: core_availablestreet_translation; Type: TABLE; Schema: public; Owner: postgres; Tablespace: 
--

CREATE TABLE core_availablestreet_translation (
    id integer NOT NULL,
    language_code character varying(15) NOT NULL,
    name character varying(2014) NOT NULL,
    master_id integer
);


ALTER TABLE core_availablestreet_translation OWNER TO postgres;

--
-- Name: core_availablestreet_translation_id_seq; Type: SEQUENCE; Schema: public; Owner: postgres
--

CREATE SEQUENCE core_availablestreet_translation_id_seq
    START WITH 1
    INCREMENT BY 1
    NO MINVALUE
    NO MAXVALUE
    CACHE 1;


ALTER TABLE core_availablestreet_translation_id_seq OWNER TO postgres;

--
-- Name: core_availablestreet_translation_id_seq; Type: SEQUENCE OWNED BY; Schema: public; Owner: postgres
--

ALTER SEQUENCE core_availablestreet_translation_id_seq OWNED BY core_availablestreet_translation.id;


--
-- Name: core_siteconfiguration; Type: TABLE; Schema: public; Owner: postgres; Tablespace: 
--

CREATE TABLE core_siteconfiguration (
    id integer NOT NULL,
    title character varying(1024) NOT NULL,
    phone character varying(512) NOT NULL,
    email character varying(254) NOT NULL,
    order_timeout integer NOT NULL,
    schedule character varying(1024) NOT NULL,
    metric_code text NOT NULL,
    arena_allowed boolean NOT NULL,
    work_day_ended_at time without time zone NOT NULL,
    work_day_started_at time without time zone NOT NULL,
    order_phone_notification character varying(16) NOT NULL,
    notification_is_enabled boolean NOT NULL,
    CONSTRAINT core_siteconfiguration_order_timeout_check CHECK ((order_timeout >= 0))
);


ALTER TABLE core_siteconfiguration OWNER TO postgres;

--
-- Name: core_siteconfiguration_id_seq; Type: SEQUENCE; Schema: public; Owner: postgres
--

CREATE SEQUENCE core_siteconfiguration_id_seq
    START WITH 1
    INCREMENT BY 1
    NO MINVALUE
    NO MAXVALUE
    CACHE 1;


ALTER TABLE core_siteconfiguration_id_seq OWNER TO postgres;

--
-- Name: core_siteconfiguration_id_seq; Type: SEQUENCE OWNED BY; Schema: public; Owner: postgres
--

ALTER SEQUENCE core_siteconfiguration_id_seq OWNED BY core_siteconfiguration.id;


--
-- Name: core_siteconfiguration_translation; Type: TABLE; Schema: public; Owner: postgres; Tablespace: 
--

CREATE TABLE core_siteconfiguration_translation (
    id integer NOT NULL,
    language_code character varying(15) NOT NULL,
    address character varying(1024) NOT NULL,
    master_id integer,
    address_comment character varying(1024) NOT NULL
);


ALTER TABLE core_siteconfiguration_translation OWNER TO postgres;

--
-- Name: core_siteconfiguration_translation_id_seq; Type: SEQUENCE; Schema: public; Owner: postgres
--

CREATE SEQUENCE core_siteconfiguration_translation_id_seq
    START WITH 1
    INCREMENT BY 1
    NO MINVALUE
    NO MAXVALUE
    CACHE 1;


ALTER TABLE core_siteconfiguration_translation_id_seq OWNER TO postgres;

--
-- Name: core_siteconfiguration_translation_id_seq; Type: SEQUENCE OWNED BY; Schema: public; Owner: postgres
--

ALTER SEQUENCE core_siteconfiguration_translation_id_seq OWNED BY core_siteconfiguration_translation.id;


--
-- Name: core_sliderimage; Type: TABLE; Schema: public; Owner: postgres; Tablespace: 
--

CREATE TABLE core_sliderimage (
    id integer NOT NULL,
    image character varying(100) NOT NULL,
    "position" integer NOT NULL,
    config_id integer NOT NULL,
    CONSTRAINT core_sliderimage_position_check CHECK (("position" >= 0))
);


ALTER TABLE core_sliderimage OWNER TO postgres;

--
-- Name: core_sliderimage_id_seq; Type: SEQUENCE; Schema: public; Owner: postgres
--

CREATE SEQUENCE core_sliderimage_id_seq
    START WITH 1
    INCREMENT BY 1
    NO MINVALUE
    NO MAXVALUE
    CACHE 1;


ALTER TABLE core_sliderimage_id_seq OWNER TO postgres;

--
-- Name: core_sliderimage_id_seq; Type: SEQUENCE OWNED BY; Schema: public; Owner: postgres
--

ALTER SEQUENCE core_sliderimage_id_seq OWNED BY core_sliderimage.id;


--
-- Name: core_smstemplate; Type: TABLE; Schema: public; Owner: postgres; Tablespace: 
--

CREATE TABLE core_smstemplate (
    id integer NOT NULL,
    slug character varying(50) NOT NULL,
    text text NOT NULL,
    config_id integer NOT NULL
);


ALTER TABLE core_smstemplate OWNER TO postgres;

--
-- Name: core_smstemplate_id_seq; Type: SEQUENCE; Schema: public; Owner: postgres
--

CREATE SEQUENCE core_smstemplate_id_seq
    START WITH 1
    INCREMENT BY 1
    NO MINVALUE
    NO MAXVALUE
    CACHE 1;


ALTER TABLE core_smstemplate_id_seq OWNER TO postgres;

--
-- Name: core_smstemplate_id_seq; Type: SEQUENCE OWNED BY; Schema: public; Owner: postgres
--

ALTER SEQUENCE core_smstemplate_id_seq OWNED BY core_smstemplate.id;


--
-- Name: core_sociallink; Type: TABLE; Schema: public; Owner: postgres; Tablespace: 
--

CREATE TABLE core_sociallink (
    id integer NOT NULL,
    name character varying(512) NOT NULL,
    icon character varying(100) NOT NULL,
    icon_alt character varying(1024) NOT NULL,
    url character varying(1024) NOT NULL,
    "position" integer NOT NULL,
    config_id integer NOT NULL,
    CONSTRAINT core_sociallink_position_check CHECK (("position" >= 0))
);


ALTER TABLE core_sociallink OWNER TO postgres;

--
-- Name: core_sociallink_id_seq; Type: SEQUENCE; Schema: public; Owner: postgres
--

CREATE SEQUENCE core_sociallink_id_seq
    START WITH 1
    INCREMENT BY 1
    NO MINVALUE
    NO MAXVALUE
    CACHE 1;


ALTER TABLE core_sociallink_id_seq OWNER TO postgres;

--
-- Name: core_sociallink_id_seq; Type: SEQUENCE OWNED BY; Schema: public; Owner: postgres
--

ALTER SEQUENCE core_sociallink_id_seq OWNED BY core_sociallink.id;


--
-- Name: django_admin_log; Type: TABLE; Schema: public; Owner: postgres; Tablespace: 
--

CREATE TABLE django_admin_log (
    id integer NOT NULL,
    action_time timestamp with time zone NOT NULL,
    object_id text,
    object_repr character varying(200) NOT NULL,
    action_flag smallint NOT NULL,
    change_message text NOT NULL,
    content_type_id integer,
    user_id uuid NOT NULL,
    CONSTRAINT django_admin_log_action_flag_check CHECK ((action_flag >= 0))
);


ALTER TABLE django_admin_log OWNER TO postgres;

--
-- Name: django_admin_log_id_seq; Type: SEQUENCE; Schema: public; Owner: postgres
--

CREATE SEQUENCE django_admin_log_id_seq
    START WITH 1
    INCREMENT BY 1
    NO MINVALUE
    NO MAXVALUE
    CACHE 1;


ALTER TABLE django_admin_log_id_seq OWNER TO postgres;

--
-- Name: django_admin_log_id_seq; Type: SEQUENCE OWNED BY; Schema: public; Owner: postgres
--

ALTER SEQUENCE django_admin_log_id_seq OWNED BY django_admin_log.id;


--
-- Name: django_content_type; Type: TABLE; Schema: public; Owner: postgres; Tablespace: 
--

CREATE TABLE django_content_type (
    id integer NOT NULL,
    app_label character varying(100) NOT NULL,
    model character varying(100) NOT NULL
);


ALTER TABLE django_content_type OWNER TO postgres;

--
-- Name: django_content_type_id_seq; Type: SEQUENCE; Schema: public; Owner: postgres
--

CREATE SEQUENCE django_content_type_id_seq
    START WITH 1
    INCREMENT BY 1
    NO MINVALUE
    NO MAXVALUE
    CACHE 1;


ALTER TABLE django_content_type_id_seq OWNER TO postgres;

--
-- Name: django_content_type_id_seq; Type: SEQUENCE OWNED BY; Schema: public; Owner: postgres
--

ALTER SEQUENCE django_content_type_id_seq OWNED BY django_content_type.id;


--
-- Name: django_migrations; Type: TABLE; Schema: public; Owner: postgres; Tablespace: 
--

CREATE TABLE django_migrations (
    id integer NOT NULL,
    app character varying(255) NOT NULL,
    name character varying(255) NOT NULL,
    applied timestamp with time zone NOT NULL
);


ALTER TABLE django_migrations OWNER TO postgres;

--
-- Name: django_migrations_id_seq; Type: SEQUENCE; Schema: public; Owner: postgres
--

CREATE SEQUENCE django_migrations_id_seq
    START WITH 1
    INCREMENT BY 1
    NO MINVALUE
    NO MAXVALUE
    CACHE 1;


ALTER TABLE django_migrations_id_seq OWNER TO postgres;

--
-- Name: django_migrations_id_seq; Type: SEQUENCE OWNED BY; Schema: public; Owner: postgres
--

ALTER SEQUENCE django_migrations_id_seq OWNED BY django_migrations.id;


--
-- Name: django_session; Type: TABLE; Schema: public; Owner: postgres; Tablespace: 
--

CREATE TABLE django_session (
    session_key character varying(40) NOT NULL,
    session_data text NOT NULL,
    expire_date timestamp with time zone NOT NULL
);


ALTER TABLE django_session OWNER TO postgres;

--
-- Name: djcelery_crontabschedule; Type: TABLE; Schema: public; Owner: postgres; Tablespace: 
--

CREATE TABLE djcelery_crontabschedule (
    id integer NOT NULL,
    minute character varying(64) NOT NULL,
    hour character varying(64) NOT NULL,
    day_of_week character varying(64) NOT NULL,
    day_of_month character varying(64) NOT NULL,
    month_of_year character varying(64) NOT NULL
);


ALTER TABLE djcelery_crontabschedule OWNER TO postgres;

--
-- Name: djcelery_crontabschedule_id_seq; Type: SEQUENCE; Schema: public; Owner: postgres
--

CREATE SEQUENCE djcelery_crontabschedule_id_seq
    START WITH 1
    INCREMENT BY 1
    NO MINVALUE
    NO MAXVALUE
    CACHE 1;


ALTER TABLE djcelery_crontabschedule_id_seq OWNER TO postgres;

--
-- Name: djcelery_crontabschedule_id_seq; Type: SEQUENCE OWNED BY; Schema: public; Owner: postgres
--

ALTER SEQUENCE djcelery_crontabschedule_id_seq OWNED BY djcelery_crontabschedule.id;


--
-- Name: djcelery_intervalschedule; Type: TABLE; Schema: public; Owner: postgres; Tablespace: 
--

CREATE TABLE djcelery_intervalschedule (
    id integer NOT NULL,
    every integer NOT NULL,
    period character varying(24) NOT NULL
);


ALTER TABLE djcelery_intervalschedule OWNER TO postgres;

--
-- Name: djcelery_intervalschedule_id_seq; Type: SEQUENCE; Schema: public; Owner: postgres
--

CREATE SEQUENCE djcelery_intervalschedule_id_seq
    START WITH 1
    INCREMENT BY 1
    NO MINVALUE
    NO MAXVALUE
    CACHE 1;


ALTER TABLE djcelery_intervalschedule_id_seq OWNER TO postgres;

--
-- Name: djcelery_intervalschedule_id_seq; Type: SEQUENCE OWNED BY; Schema: public; Owner: postgres
--

ALTER SEQUENCE djcelery_intervalschedule_id_seq OWNED BY djcelery_intervalschedule.id;


--
-- Name: djcelery_periodictask; Type: TABLE; Schema: public; Owner: postgres; Tablespace: 
--

CREATE TABLE djcelery_periodictask (
    id integer NOT NULL,
    name character varying(200) NOT NULL,
    task character varying(200) NOT NULL,
    args text NOT NULL,
    kwargs text NOT NULL,
    queue character varying(200),
    exchange character varying(200),
    routing_key character varying(200),
    expires timestamp with time zone,
    enabled boolean NOT NULL,
    last_run_at timestamp with time zone,
    total_run_count integer NOT NULL,
    date_changed timestamp with time zone NOT NULL,
    description text NOT NULL,
    crontab_id integer,
    interval_id integer,
    CONSTRAINT djcelery_periodictask_total_run_count_check CHECK ((total_run_count >= 0))
);


ALTER TABLE djcelery_periodictask OWNER TO postgres;

--
-- Name: djcelery_periodictask_id_seq; Type: SEQUENCE; Schema: public; Owner: postgres
--

CREATE SEQUENCE djcelery_periodictask_id_seq
    START WITH 1
    INCREMENT BY 1
    NO MINVALUE
    NO MAXVALUE
    CACHE 1;


ALTER TABLE djcelery_periodictask_id_seq OWNER TO postgres;

--
-- Name: djcelery_periodictask_id_seq; Type: SEQUENCE OWNED BY; Schema: public; Owner: postgres
--

ALTER SEQUENCE djcelery_periodictask_id_seq OWNED BY djcelery_periodictask.id;


--
-- Name: djcelery_periodictasks; Type: TABLE; Schema: public; Owner: postgres; Tablespace: 
--

CREATE TABLE djcelery_periodictasks (
    ident smallint NOT NULL,
    last_update timestamp with time zone NOT NULL
);


ALTER TABLE djcelery_periodictasks OWNER TO postgres;

--
-- Name: djcelery_taskstate; Type: TABLE; Schema: public; Owner: postgres; Tablespace: 
--

CREATE TABLE djcelery_taskstate (
    id integer NOT NULL,
    state character varying(64) NOT NULL,
    task_id character varying(36) NOT NULL,
    name character varying(200),
    tstamp timestamp with time zone NOT NULL,
    args text,
    kwargs text,
    eta timestamp with time zone,
    expires timestamp with time zone,
    result text,
    traceback text,
    runtime double precision,
    retries integer NOT NULL,
    hidden boolean NOT NULL,
    worker_id integer
);


ALTER TABLE djcelery_taskstate OWNER TO postgres;

--
-- Name: djcelery_taskstate_id_seq; Type: SEQUENCE; Schema: public; Owner: postgres
--

CREATE SEQUENCE djcelery_taskstate_id_seq
    START WITH 1
    INCREMENT BY 1
    NO MINVALUE
    NO MAXVALUE
    CACHE 1;


ALTER TABLE djcelery_taskstate_id_seq OWNER TO postgres;

--
-- Name: djcelery_taskstate_id_seq; Type: SEQUENCE OWNED BY; Schema: public; Owner: postgres
--

ALTER SEQUENCE djcelery_taskstate_id_seq OWNED BY djcelery_taskstate.id;


--
-- Name: djcelery_workerstate; Type: TABLE; Schema: public; Owner: postgres; Tablespace: 
--

CREATE TABLE djcelery_workerstate (
    id integer NOT NULL,
    hostname character varying(255) NOT NULL,
    last_heartbeat timestamp with time zone
);


ALTER TABLE djcelery_workerstate OWNER TO postgres;

--
-- Name: djcelery_workerstate_id_seq; Type: SEQUENCE; Schema: public; Owner: postgres
--

CREATE SEQUENCE djcelery_workerstate_id_seq
    START WITH 1
    INCREMENT BY 1
    NO MINVALUE
    NO MAXVALUE
    CACHE 1;


ALTER TABLE djcelery_workerstate_id_seq OWNER TO postgres;

--
-- Name: djcelery_workerstate_id_seq; Type: SEQUENCE OWNED BY; Schema: public; Owner: postgres
--

ALTER SEQUENCE djcelery_workerstate_id_seq OWNED BY djcelery_workerstate.id;


--
-- Name: easy_thumbnails_source; Type: TABLE; Schema: public; Owner: postgres; Tablespace: 
--

CREATE TABLE easy_thumbnails_source (
    id integer NOT NULL,
    storage_hash character varying(40) NOT NULL,
    name character varying(255) NOT NULL,
    modified timestamp with time zone NOT NULL
);


ALTER TABLE easy_thumbnails_source OWNER TO postgres;

--
-- Name: easy_thumbnails_source_id_seq; Type: SEQUENCE; Schema: public; Owner: postgres
--

CREATE SEQUENCE easy_thumbnails_source_id_seq
    START WITH 1
    INCREMENT BY 1
    NO MINVALUE
    NO MAXVALUE
    CACHE 1;


ALTER TABLE easy_thumbnails_source_id_seq OWNER TO postgres;

--
-- Name: easy_thumbnails_source_id_seq; Type: SEQUENCE OWNED BY; Schema: public; Owner: postgres
--

ALTER SEQUENCE easy_thumbnails_source_id_seq OWNED BY easy_thumbnails_source.id;


--
-- Name: easy_thumbnails_thumbnail; Type: TABLE; Schema: public; Owner: postgres; Tablespace: 
--

CREATE TABLE easy_thumbnails_thumbnail (
    id integer NOT NULL,
    storage_hash character varying(40) NOT NULL,
    name character varying(255) NOT NULL,
    modified timestamp with time zone NOT NULL,
    source_id integer NOT NULL
);


ALTER TABLE easy_thumbnails_thumbnail OWNER TO postgres;

--
-- Name: easy_thumbnails_thumbnail_id_seq; Type: SEQUENCE; Schema: public; Owner: postgres
--

CREATE SEQUENCE easy_thumbnails_thumbnail_id_seq
    START WITH 1
    INCREMENT BY 1
    NO MINVALUE
    NO MAXVALUE
    CACHE 1;


ALTER TABLE easy_thumbnails_thumbnail_id_seq OWNER TO postgres;

--
-- Name: easy_thumbnails_thumbnail_id_seq; Type: SEQUENCE OWNED BY; Schema: public; Owner: postgres
--

ALTER SEQUENCE easy_thumbnails_thumbnail_id_seq OWNED BY easy_thumbnails_thumbnail.id;


--
-- Name: easy_thumbnails_thumbnaildimensions; Type: TABLE; Schema: public; Owner: postgres; Tablespace: 
--

CREATE TABLE easy_thumbnails_thumbnaildimensions (
    id integer NOT NULL,
    thumbnail_id integer NOT NULL,
    width integer,
    height integer,
    CONSTRAINT easy_thumbnails_thumbnaildimensions_height_check CHECK ((height >= 0)),
    CONSTRAINT easy_thumbnails_thumbnaildimensions_width_check CHECK ((width >= 0))
);


ALTER TABLE easy_thumbnails_thumbnaildimensions OWNER TO postgres;

--
-- Name: easy_thumbnails_thumbnaildimensions_id_seq; Type: SEQUENCE; Schema: public; Owner: postgres
--

CREATE SEQUENCE easy_thumbnails_thumbnaildimensions_id_seq
    START WITH 1
    INCREMENT BY 1
    NO MINVALUE
    NO MAXVALUE
    CACHE 1;


ALTER TABLE easy_thumbnails_thumbnaildimensions_id_seq OWNER TO postgres;

--
-- Name: easy_thumbnails_thumbnaildimensions_id_seq; Type: SEQUENCE OWNED BY; Schema: public; Owner: postgres
--

ALTER SEQUENCE easy_thumbnails_thumbnaildimensions_id_seq OWNED BY easy_thumbnails_thumbnaildimensions.id;


--
-- Name: jet_bookmark; Type: TABLE; Schema: public; Owner: postgres; Tablespace: 
--

CREATE TABLE jet_bookmark (
    id integer NOT NULL,
    url character varying(200) NOT NULL,
    title character varying(255) NOT NULL,
    "user" integer NOT NULL,
    date_add timestamp with time zone NOT NULL,
    CONSTRAINT jet_bookmark_user_check CHECK (("user" >= 0))
);


ALTER TABLE jet_bookmark OWNER TO postgres;

--
-- Name: jet_bookmark_id_seq; Type: SEQUENCE; Schema: public; Owner: postgres
--

CREATE SEQUENCE jet_bookmark_id_seq
    START WITH 1
    INCREMENT BY 1
    NO MINVALUE
    NO MAXVALUE
    CACHE 1;


ALTER TABLE jet_bookmark_id_seq OWNER TO postgres;

--
-- Name: jet_bookmark_id_seq; Type: SEQUENCE OWNED BY; Schema: public; Owner: postgres
--

ALTER SEQUENCE jet_bookmark_id_seq OWNED BY jet_bookmark.id;


--
-- Name: jet_pinnedapplication; Type: TABLE; Schema: public; Owner: postgres; Tablespace: 
--

CREATE TABLE jet_pinnedapplication (
    id integer NOT NULL,
    app_label character varying(255) NOT NULL,
    "user" integer NOT NULL,
    date_add timestamp with time zone NOT NULL,
    CONSTRAINT jet_pinnedapplication_user_check CHECK (("user" >= 0))
);


ALTER TABLE jet_pinnedapplication OWNER TO postgres;

--
-- Name: jet_pinnedapplication_id_seq; Type: SEQUENCE; Schema: public; Owner: postgres
--

CREATE SEQUENCE jet_pinnedapplication_id_seq
    START WITH 1
    INCREMENT BY 1
    NO MINVALUE
    NO MAXVALUE
    CACHE 1;


ALTER TABLE jet_pinnedapplication_id_seq OWNER TO postgres;

--
-- Name: jet_pinnedapplication_id_seq; Type: SEQUENCE OWNED BY; Schema: public; Owner: postgres
--

ALTER SEQUENCE jet_pinnedapplication_id_seq OWNED BY jet_pinnedapplication.id;


--
-- Name: users_appuser; Type: TABLE; Schema: public; Owner: postgres; Tablespace: 
--

CREATE TABLE users_appuser (
    password character varying(128) NOT NULL,
    last_login timestamp with time zone,
    is_superuser boolean NOT NULL,
    id uuid NOT NULL,
    phone character varying(128) NOT NULL,
    first_name character varying(30) NOT NULL,
    last_name character varying(30) NOT NULL,
    surname character varying(64) NOT NULL,
    email character varying(254) NOT NULL,
    is_staff boolean NOT NULL,
    is_active boolean NOT NULL,
    date_joined timestamp with time zone NOT NULL,
    email_confirmed boolean NOT NULL
);


ALTER TABLE users_appuser OWNER TO postgres;

--
-- Name: users_appuser_groups; Type: TABLE; Schema: public; Owner: postgres; Tablespace: 
--

CREATE TABLE users_appuser_groups (
    id integer NOT NULL,
    appuser_id uuid NOT NULL,
    group_id integer NOT NULL
);


ALTER TABLE users_appuser_groups OWNER TO postgres;

--
-- Name: users_appuser_groups_id_seq; Type: SEQUENCE; Schema: public; Owner: postgres
--

CREATE SEQUENCE users_appuser_groups_id_seq
    START WITH 1
    INCREMENT BY 1
    NO MINVALUE
    NO MAXVALUE
    CACHE 1;


ALTER TABLE users_appuser_groups_id_seq OWNER TO postgres;

--
-- Name: users_appuser_groups_id_seq; Type: SEQUENCE OWNED BY; Schema: public; Owner: postgres
--

ALTER SEQUENCE users_appuser_groups_id_seq OWNED BY users_appuser_groups.id;


--
-- Name: users_appuser_user_permissions; Type: TABLE; Schema: public; Owner: postgres; Tablespace: 
--

CREATE TABLE users_appuser_user_permissions (
    id integer NOT NULL,
    appuser_id uuid NOT NULL,
    permission_id integer NOT NULL
);


ALTER TABLE users_appuser_user_permissions OWNER TO postgres;

--
-- Name: users_appuser_user_permissions_id_seq; Type: SEQUENCE; Schema: public; Owner: postgres
--

CREATE SEQUENCE users_appuser_user_permissions_id_seq
    START WITH 1
    INCREMENT BY 1
    NO MINVALUE
    NO MAXVALUE
    CACHE 1;


ALTER TABLE users_appuser_user_permissions_id_seq OWNER TO postgres;

--
-- Name: users_appuser_user_permissions_id_seq; Type: SEQUENCE OWNED BY; Schema: public; Owner: postgres
--

ALTER SEQUENCE users_appuser_user_permissions_id_seq OWNED BY users_appuser_user_permissions.id;


--
-- Name: users_passworduser; Type: TABLE; Schema: public; Owner: postgres; Tablespace: 
--

CREATE TABLE users_passworduser (
    id integer NOT NULL,
    created_at timestamp with time zone NOT NULL,
    updated_at timestamp with time zone NOT NULL,
    password text NOT NULL,
    user_id uuid NOT NULL
);


ALTER TABLE users_passworduser OWNER TO postgres;

--
-- Name: users_passworduser_id_seq; Type: SEQUENCE; Schema: public; Owner: postgres
--

CREATE SEQUENCE users_passworduser_id_seq
    START WITH 1
    INCREMENT BY 1
    NO MINVALUE
    NO MAXVALUE
    CACHE 1;


ALTER TABLE users_passworduser_id_seq OWNER TO postgres;

--
-- Name: users_passworduser_id_seq; Type: SEQUENCE OWNED BY; Schema: public; Owner: postgres
--

ALTER SEQUENCE users_passworduser_id_seq OWNED BY users_passworduser.id;


--
-- Name: users_phoneverification; Type: TABLE; Schema: public; Owner: postgres; Tablespace: 
--

CREATE TABLE users_phoneverification (
    id integer NOT NULL,
    session character varying(512) NOT NULL,
    phone character varying(128) NOT NULL,
    status smallint NOT NULL,
    token character varying(512) NOT NULL,
    sms_code character varying(16) NOT NULL,
    sms_code_attempts integer NOT NULL,
    created_at timestamp with time zone NOT NULL,
    user_id uuid
);


ALTER TABLE users_phoneverification OWNER TO postgres;

--
-- Name: users_phoneverification_id_seq; Type: SEQUENCE; Schema: public; Owner: postgres
--

CREATE SEQUENCE users_phoneverification_id_seq
    START WITH 1
    INCREMENT BY 1
    NO MINVALUE
    NO MAXVALUE
    CACHE 1;


ALTER TABLE users_phoneverification_id_seq OWNER TO postgres;

--
-- Name: users_phoneverification_id_seq; Type: SEQUENCE OWNED BY; Schema: public; Owner: postgres
--

ALTER SEQUENCE users_phoneverification_id_seq OWNED BY users_phoneverification.id;


--
-- Name: id; Type: DEFAULT; Schema: public; Owner: postgres
--

ALTER TABLE ONLY auth_group ALTER COLUMN id SET DEFAULT nextval('auth_group_id_seq'::regclass);


--
-- Name: id; Type: DEFAULT; Schema: public; Owner: postgres
--

ALTER TABLE ONLY auth_group_permissions ALTER COLUMN id SET DEFAULT nextval('auth_group_permissions_id_seq'::regclass);


--
-- Name: id; Type: DEFAULT; Schema: public; Owner: postgres
--

ALTER TABLE ONLY auth_permission ALTER COLUMN id SET DEFAULT nextval('auth_permission_id_seq'::regclass);


--
-- Name: id; Type: DEFAULT; Schema: public; Owner: postgres
--

ALTER TABLE ONLY cart_address ALTER COLUMN id SET DEFAULT nextval('cart_address_id_seq'::regclass);


--
-- Name: id; Type: DEFAULT; Schema: public; Owner: postgres
--

ALTER TABLE ONLY cart_cart ALTER COLUMN id SET DEFAULT nextval('cart_cart_id_seq'::regclass);


--
-- Name: id; Type: DEFAULT; Schema: public; Owner: postgres
--

ALTER TABLE ONLY cart_cartitem ALTER COLUMN id SET DEFAULT nextval('cart_cartitem_id_seq'::regclass);


--
-- Name: id; Type: DEFAULT; Schema: public; Owner: postgres
--

ALTER TABLE ONLY cart_order ALTER COLUMN id SET DEFAULT nextval('cart_order_id_seq'::regclass);


--
-- Name: id; Type: DEFAULT; Schema: public; Owner: postgres
--

ALTER TABLE ONLY catalog_action ALTER COLUMN id SET DEFAULT nextval('catalog_action_id_seq'::regclass);


--
-- Name: id; Type: DEFAULT; Schema: public; Owner: postgres
--

ALTER TABLE ONLY catalog_action_translation ALTER COLUMN id SET DEFAULT nextval('catalog_action_translation_id_seq'::regclass);


--
-- Name: id; Type: DEFAULT; Schema: public; Owner: postgres
--

ALTER TABLE ONLY catalog_category ALTER COLUMN id SET DEFAULT nextval('catalog_category_id_seq'::regclass);


--
-- Name: id; Type: DEFAULT; Schema: public; Owner: postgres
--

ALTER TABLE ONLY catalog_category_translation ALTER COLUMN id SET DEFAULT nextval('catalog_category_translation_id_seq'::regclass);


--
-- Name: id; Type: DEFAULT; Schema: public; Owner: postgres
--

ALTER TABLE ONLY catalog_favoriteproduct ALTER COLUMN id SET DEFAULT nextval('catalog_favoriteproduct_id_seq'::regclass);


--
-- Name: id; Type: DEFAULT; Schema: public; Owner: postgres
--

ALTER TABLE ONLY catalog_image ALTER COLUMN id SET DEFAULT nextval('catalog_image_id_seq'::regclass);


--
-- Name: id; Type: DEFAULT; Schema: public; Owner: postgres
--

ALTER TABLE ONLY catalog_product ALTER COLUMN id SET DEFAULT nextval('catalog_product_id_seq'::regclass);


--
-- Name: id; Type: DEFAULT; Schema: public; Owner: postgres
--

ALTER TABLE ONLY catalog_product_specials ALTER COLUMN id SET DEFAULT nextval('catalog_product_specials_id_seq'::regclass);


--
-- Name: id; Type: DEFAULT; Schema: public; Owner: postgres
--

ALTER TABLE ONLY catalog_product_translation ALTER COLUMN id SET DEFAULT nextval('catalog_product_translation_id_seq'::regclass);


--
-- Name: id; Type: DEFAULT; Schema: public; Owner: postgres
--

ALTER TABLE ONLY catalog_productprice ALTER COLUMN id SET DEFAULT nextval('catalog_productprice_id_seq'::regclass);


--
-- Name: id; Type: DEFAULT; Schema: public; Owner: postgres
--

ALTER TABLE ONLY catalog_productprice_translation ALTER COLUMN id SET DEFAULT nextval('catalog_productprice_translation_id_seq'::regclass);


--
-- Name: id; Type: DEFAULT; Schema: public; Owner: postgres
--

ALTER TABLE ONLY celery_taskmeta ALTER COLUMN id SET DEFAULT nextval('celery_taskmeta_id_seq'::regclass);


--
-- Name: id; Type: DEFAULT; Schema: public; Owner: postgres
--

ALTER TABLE ONLY celery_tasksetmeta ALTER COLUMN id SET DEFAULT nextval('celery_tasksetmeta_id_seq'::regclass);


--
-- Name: id; Type: DEFAULT; Schema: public; Owner: postgres
--

ALTER TABLE ONLY core_action ALTER COLUMN id SET DEFAULT nextval('core_action_id_seq'::regclass);


--
-- Name: id; Type: DEFAULT; Schema: public; Owner: postgres
--

ALTER TABLE ONLY core_action_translation ALTER COLUMN id SET DEFAULT nextval('core_action_translation_id_seq'::regclass);


--
-- Name: id; Type: DEFAULT; Schema: public; Owner: postgres
--

ALTER TABLE ONLY core_availablestreet ALTER COLUMN id SET DEFAULT nextval('core_availablestreet_id_seq'::regclass);


--
-- Name: id; Type: DEFAULT; Schema: public; Owner: postgres
--

ALTER TABLE ONLY core_availablestreet_translation ALTER COLUMN id SET DEFAULT nextval('core_availablestreet_translation_id_seq'::regclass);


--
-- Name: id; Type: DEFAULT; Schema: public; Owner: postgres
--

ALTER TABLE ONLY core_siteconfiguration ALTER COLUMN id SET DEFAULT nextval('core_siteconfiguration_id_seq'::regclass);


--
-- Name: id; Type: DEFAULT; Schema: public; Owner: postgres
--

ALTER TABLE ONLY core_siteconfiguration_translation ALTER COLUMN id SET DEFAULT nextval('core_siteconfiguration_translation_id_seq'::regclass);


--
-- Name: id; Type: DEFAULT; Schema: public; Owner: postgres
--

ALTER TABLE ONLY core_sliderimage ALTER COLUMN id SET DEFAULT nextval('core_sliderimage_id_seq'::regclass);


--
-- Name: id; Type: DEFAULT; Schema: public; Owner: postgres
--

ALTER TABLE ONLY core_smstemplate ALTER COLUMN id SET DEFAULT nextval('core_smstemplate_id_seq'::regclass);


--
-- Name: id; Type: DEFAULT; Schema: public; Owner: postgres
--

ALTER TABLE ONLY core_sociallink ALTER COLUMN id SET DEFAULT nextval('core_sociallink_id_seq'::regclass);


--
-- Name: id; Type: DEFAULT; Schema: public; Owner: postgres
--

ALTER TABLE ONLY django_admin_log ALTER COLUMN id SET DEFAULT nextval('django_admin_log_id_seq'::regclass);


--
-- Name: id; Type: DEFAULT; Schema: public; Owner: postgres
--

ALTER TABLE ONLY django_content_type ALTER COLUMN id SET DEFAULT nextval('django_content_type_id_seq'::regclass);


--
-- Name: id; Type: DEFAULT; Schema: public; Owner: postgres
--

ALTER TABLE ONLY django_migrations ALTER COLUMN id SET DEFAULT nextval('django_migrations_id_seq'::regclass);


--
-- Name: id; Type: DEFAULT; Schema: public; Owner: postgres
--

ALTER TABLE ONLY djcelery_crontabschedule ALTER COLUMN id SET DEFAULT nextval('djcelery_crontabschedule_id_seq'::regclass);


--
-- Name: id; Type: DEFAULT; Schema: public; Owner: postgres
--

ALTER TABLE ONLY djcelery_intervalschedule ALTER COLUMN id SET DEFAULT nextval('djcelery_intervalschedule_id_seq'::regclass);


--
-- Name: id; Type: DEFAULT; Schema: public; Owner: postgres
--

ALTER TABLE ONLY djcelery_periodictask ALTER COLUMN id SET DEFAULT nextval('djcelery_periodictask_id_seq'::regclass);


--
-- Name: id; Type: DEFAULT; Schema: public; Owner: postgres
--

ALTER TABLE ONLY djcelery_taskstate ALTER COLUMN id SET DEFAULT nextval('djcelery_taskstate_id_seq'::regclass);


--
-- Name: id; Type: DEFAULT; Schema: public; Owner: postgres
--

ALTER TABLE ONLY djcelery_workerstate ALTER COLUMN id SET DEFAULT nextval('djcelery_workerstate_id_seq'::regclass);


--
-- Name: id; Type: DEFAULT; Schema: public; Owner: postgres
--

ALTER TABLE ONLY easy_thumbnails_source ALTER COLUMN id SET DEFAULT nextval('easy_thumbnails_source_id_seq'::regclass);


--
-- Name: id; Type: DEFAULT; Schema: public; Owner: postgres
--

ALTER TABLE ONLY easy_thumbnails_thumbnail ALTER COLUMN id SET DEFAULT nextval('easy_thumbnails_thumbnail_id_seq'::regclass);


--
-- Name: id; Type: DEFAULT; Schema: public; Owner: postgres
--

ALTER TABLE ONLY easy_thumbnails_thumbnaildimensions ALTER COLUMN id SET DEFAULT nextval('easy_thumbnails_thumbnaildimensions_id_seq'::regclass);


--
-- Name: id; Type: DEFAULT; Schema: public; Owner: postgres
--

ALTER TABLE ONLY jet_bookmark ALTER COLUMN id SET DEFAULT nextval('jet_bookmark_id_seq'::regclass);


--
-- Name: id; Type: DEFAULT; Schema: public; Owner: postgres
--

ALTER TABLE ONLY jet_pinnedapplication ALTER COLUMN id SET DEFAULT nextval('jet_pinnedapplication_id_seq'::regclass);


--
-- Name: id; Type: DEFAULT; Schema: public; Owner: postgres
--

ALTER TABLE ONLY users_appuser_groups ALTER COLUMN id SET DEFAULT nextval('users_appuser_groups_id_seq'::regclass);


--
-- Name: id; Type: DEFAULT; Schema: public; Owner: postgres
--

ALTER TABLE ONLY users_appuser_user_permissions ALTER COLUMN id SET DEFAULT nextval('users_appuser_user_permissions_id_seq'::regclass);


--
-- Name: id; Type: DEFAULT; Schema: public; Owner: postgres
--

ALTER TABLE ONLY users_passworduser ALTER COLUMN id SET DEFAULT nextval('users_passworduser_id_seq'::regclass);


--
-- Name: id; Type: DEFAULT; Schema: public; Owner: postgres
--

ALTER TABLE ONLY users_phoneverification ALTER COLUMN id SET DEFAULT nextval('users_phoneverification_id_seq'::regclass);


--
-- Data for Name: auth_group; Type: TABLE DATA; Schema: public; Owner: postgres
--

COPY auth_group (id, name) FROM stdin;
1	managers
\.


--
-- Name: auth_group_id_seq; Type: SEQUENCE SET; Schema: public; Owner: postgres
--

SELECT pg_catalog.setval('auth_group_id_seq', 1, true);


--
-- Data for Name: auth_group_permissions; Type: TABLE DATA; Schema: public; Owner: postgres
--

COPY auth_group_permissions (id, group_id, permission_id) FROM stdin;
1	1	56
\.


--
-- Name: auth_group_permissions_id_seq; Type: SEQUENCE SET; Schema: public; Owner: postgres
--

SELECT pg_catalog.setval('auth_group_permissions_id_seq', 1, true);


--
-- Data for Name: auth_permission; Type: TABLE DATA; Schema: public; Owner: postgres
--

COPY auth_permission (id, name, content_type_id, codename) FROM stdin;
1	Can add log entry	1	add_logentry
2	Can change log entry	1	change_logentry
3	Can delete log entry	1	delete_logentry
4	Can add group	2	add_group
5	Can change group	2	change_group
6	Can delete group	2	delete_group
7	Can add permission	3	add_permission
8	Can change permission	3	change_permission
9	Can delete permission	3	delete_permission
10	Can add content type	4	add_contenttype
11	Can change content type	4	change_contenttype
12	Can delete content type	4	delete_contenttype
13	Can add session	5	add_session
14	Can change session	5	change_session
15	Can delete session	5	delete_session
16	Can add thumbnail	6	add_thumbnail
17	Can change thumbnail	6	change_thumbnail
18	Can delete thumbnail	6	delete_thumbnail
19	Can add source	7	add_source
20	Can change source	7	change_source
21	Can delete source	7	delete_source
22	Can add thumbnail dimensions	8	add_thumbnaildimensions
23	Can change thumbnail dimensions	8	change_thumbnaildimensions
24	Can delete thumbnail dimensions	8	delete_thumbnaildimensions
25	Can add site config	9	add_siteconfiguration
26	Can change site config	9	change_siteconfiguration
27	Can delete site config	9	delete_siteconfiguration
28	Can add social link	10	add_sociallink
29	Can change social link	10	change_sociallink
30	Can delete social link	10	delete_sociallink
31	Can add   	11	add_phoneverification
32	Can change   	11	change_phoneverification
33	Can delete   	11	delete_phoneverification
34	Can add user	12	add_appuser
35	Can change user	12	change_appuser
36	Can delete user	12	delete_appuser
37	Can add image	13	add_image
38	Can change image	13	change_image
39	Can delete image	13	delete_image
40	Can add favorite	14	add_favoriteproduct
41	Can change favorite	14	change_favoriteproduct
42	Can delete favorite	14	delete_favoriteproduct
43	Can add action	15	add_action
44	Can change action	15	change_action
45	Can delete action	15	delete_action
46	Can add product category	16	add_category
47	Can change product category	16	change_category
48	Can delete product category	16	delete_category
49	Can add price	17	add_productprice
50	Can change price	17	change_productprice
51	Can delete price	17	delete_productprice
52	Can add product	18	add_product
53	Can change product	18	change_product
54	Can delete product	18	delete_product
55	Can add order	19	add_order
56	Can change order	19	change_order
57	Can delete order	19	delete_order
58	Can add cart item	20	add_cartitem
59	Can change cart item	20	change_cartitem
60	Can delete cart item	20	delete_cartitem
61	Can add cart	21	add_cart
62	Can change cart	21	change_cart
63	Can delete cart	21	delete_cart
64	Can add address	22	add_address
65	Can change address	22	change_address
66	Can delete address	22	delete_address
67	Can add user password	23	add_passworduser
68	Can change user password	23	change_passworduser
69	Can delete user password	23	delete_passworduser
70	Can add worker	24	add_workerstate
71	Can change worker	24	change_workerstate
72	Can delete worker	24	delete_workerstate
73	Can add periodic tasks	25	add_periodictasks
74	Can change periodic tasks	25	change_periodictasks
75	Can delete periodic tasks	25	delete_periodictasks
76	Can add task state	26	add_taskmeta
77	Can change task state	26	change_taskmeta
78	Can delete task state	26	delete_taskmeta
79	Can add periodic task	27	add_periodictask
80	Can change periodic task	27	change_periodictask
81	Can delete periodic task	27	delete_periodictask
82	Can add task	28	add_taskstate
83	Can change task	28	change_taskstate
84	Can delete task	28	delete_taskstate
85	Can add interval	29	add_intervalschedule
86	Can change interval	29	change_intervalschedule
87	Can delete interval	29	delete_intervalschedule
88	Can add saved group result	30	add_tasksetmeta
89	Can change saved group result	30	change_tasksetmeta
90	Can delete saved group result	30	delete_tasksetmeta
91	Can add crontab	31	add_crontabschedule
92	Can change crontab	31	change_crontabschedule
93	Can delete crontab	31	delete_crontabschedule
94	Can add sms template	32	add_smstemplate
95	Can change sms template	32	change_smstemplate
96	Can delete sms template	32	delete_smstemplate
97	Can add action	33	add_action
98	Can change action	33	change_action
99	Can delete action	33	delete_action
100	Can add bookmark	34	add_bookmark
101	Can change bookmark	34	change_bookmark
102	Can delete bookmark	34	delete_bookmark
103	Can add pinned application	35	add_pinnedapplication
104	Can change pinned application	35	change_pinnedapplication
105	Can delete pinned application	35	delete_pinnedapplication
106	Can add slider image	36	add_sliderimage
107	Can change slider image	36	change_sliderimage
108	Can delete slider image	36	delete_sliderimage
109	Can add available street	43	add_availablestreet
110	Can change available street	43	change_availablestreet
111	Can delete available street	43	delete_availablestreet
\.


--
-- Name: auth_permission_id_seq; Type: SEQUENCE SET; Schema: public; Owner: postgres
--

SELECT pg_catalog.setval('auth_permission_id_seq', 111, true);


--
-- Data for Name: cart_address; Type: TABLE DATA; Schema: public; Owner: postgres
--

COPY cart_address (id, username, phone, delivery_type, address_type, street, house, landmark, arena, tribune, row_number, col_number) FROM stdin;
1		+7225949966	DELIVERY	ADDRESS					0	0	0
2		+79041002648	DELIVERY	ADDRESS					0	0	0
3		+79889501003	DELIVERY	ADDRESS					0	0	0
4		\N	DELIVERY	ADDRESS					0	0	0
5		+79889501003	PICKUP	ARENA				 	0	0	0
6		\N	DELIVERY	ADDRESS					0	0	0
7		+79889501003	PICKUP	ADDRESS					0	0	0
8		\N	DELIVERY	ADDRESS					0	0	0
9		+79889501003	DELIVERY	ADDRESS	Fjdfj	123	123		0	0	0
10		+79889501003	DELIVERY	ADDRESS	 	123			0	0	0
11		+79889501003	DELIVERY	ADDRESS					0	0	0
13		+79182051508	PICKUP	ARENA					0	0	0
14		+79518308452	DELIVERY	ADDRESS					0	0	0
15		\N	DELIVERY	ADDRESS					0	0	0
16		\N	DELIVERY	ADDRESS					0	0	0
17		+79213298454	DELIVERY	ADDRESS					0	0	0
12		+79889501003	PICKUP	ADDRESS					0	0	0
18		\N	DELIVERY	ADDRESS					0	0	0
19		\N	DELIVERY	ADDRESS					0	0	0
20		\N	DELIVERY	ADDRESS					0	0	0
21		\N	DELIVERY	ADDRESS					0	0	0
22		\N	DELIVERY	ADDRESS					0	0	0
24		\N	DELIVERY	ADDRESS					0	0	0
25		\N	DELIVERY	ADDRESS					0	0	0
26		\N	DELIVERY	ADDRESS					0	0	0
27		\N	DELIVERY	ADDRESS					0	0	0
28		\N	DELIVERY	ADDRESS					0	0	0
31		\N	DELIVERY	ADDRESS					0	0	0
32		\N	DELIVERY	ADDRESS					0	0	0
33		\N	DELIVERY	ADDRESS					0	0	0
35		\N	DELIVERY	ADDRESS					0	0	0
37		\N	DELIVERY	ADDRESS					0	0	0
36		+79889501003	PICKUP	ADDRESS					0	0	0
38		\N	DELIVERY	ADDRESS					0	0	0
39		\N	DELIVERY	ADDRESS					0	0	0
34		+79889501003	DELIVERY	ADDRESS		12			0	0	0
30		+79889501003	DELIVERY	ADDRESS		12	  		0	0	0
29		+79889501003	DELIVERY	ADDRESS		98	landmark		0	0	0
23		+79889501003	DELIVERY	ADDRESS		112			0	0	0
40		+79889501003	DELIVERY	ADDRESS		909			0	0	0
42		+79214051298	DELIVERY	ADDRESS					0	0	0
43		\N	DELIVERY	ADDRESS					0	0	0
44		\N	DELIVERY	ADDRESS					0	0	0
45		\N	DELIVERY	ADDRESS					0	0	0
46		\N	DELIVERY	ADDRESS					0	0	0
47		\N	DELIVERY	ADDRESS					0	0	0
48		\N	DELIVERY	ADDRESS					0	0	0
49		\N	DELIVERY	ADDRESS					0	0	0
41		+79889501003	DELIVERY	ADDRESS	 	1			0	0	0
50		+79889501003	DELIVERY	ADDRESS	 	1			0	0	0
51		+79889501003	DELIVERY	ADDRESS		2			0	0	0
52		+79889501003	DELIVERY	ADDRESS	 	123			0	0	0
53		\N	DELIVERY	ADDRESS					0	0	0
54		\N	DELIVERY	ADDRESS					0	0	0
\.


--
-- Name: cart_address_id_seq; Type: SEQUENCE SET; Schema: public; Owner: postgres
--

SELECT pg_catalog.setval('cart_address_id_seq', 54, true);


--
-- Data for Name: cart_cart; Type: TABLE DATA; Schema: public; Owner: postgres
--

COPY cart_cart (id, created_at, updated_at, token, user_id) FROM stdin;
27	2017-08-16 10:38:12.251237+00	2017-08-16 10:38:12.259812+00	9507243809cb5463a907b2d990782e19139af3c88cfc7ef0fed369d574a19dbe	\N
5	2017-07-18 10:00:21.804753+00	2017-07-18 10:00:21.804842+00	5dc71d3d7de556a6c99b45e0181a0d74bd68b57d6022f9d9b9147e22520480cb	7a2a5815-5de9-4f34-9c7a-53926e1bcb32
6	2017-07-19 12:05:21.307507+00	2017-07-19 12:05:21.314935+00	b1648a549e23ef6c358b0ca615ecc810ecd43544e4c0ad2d9bf68a5dfec71f0b	\N
7	2017-07-19 12:12:46.882748+00	2017-07-19 12:12:46.899176+00	b4f11df51427a0d5c17d3cfa21f98cf618657f1c014db01049329ef7a16c8e50	\N
8	2017-07-19 12:13:22.174949+00	2017-07-19 12:13:22.178754+00	0d19447b2a871f8a30b7963d7e6e1bb68325f441d3f87bfcbd60dcd2037fef0e	\N
9	2017-07-27 18:39:26.771385+00	2017-07-27 18:39:26.77143+00	a959ba9745739c7639279cf47e90b980907a1a4edfa0f781de49c9e019b58442	7a2a5815-5de9-4f34-9c7a-53926e1bcb32
10	2017-07-27 19:06:02.413966+00	2017-07-27 19:06:02.414052+00	31f7d389a5cb6f57d0aa7a617429c7c06762a8d583a83ec2e676443405c6e4cf	7a2a5815-5de9-4f34-9c7a-53926e1bcb32
11	2017-08-07 17:09:14.050519+00	2017-08-07 17:09:14.050565+00	555b7cf6715fe61fc5263d8e919af7274a2bb9cba0058aaec310cb5209092b91	7a2a5815-5de9-4f34-9c7a-53926e1bcb32
28	2017-08-16 10:41:29.425648+00	2017-08-16 10:41:29.433158+00	80b6eeea3d43f3a4eae28d4870b9d137bd4b1e7658b7fe76de1ab258de060a40	\N
13	2017-08-09 11:03:57.064521+00	2017-08-09 11:03:57.06457+00	331769fa9eb5e737e669e127c25cf7bd953330e74f3fe280dcde06a253ac13d6	1f5b01f5-0e02-46dd-bfec-14c029da05b8
14	2017-08-09 11:09:35.883001+00	2017-08-09 11:09:35.883045+00	b1d91df4740b8442047824f490748c9ceba50259f4c366ead58dcd122516fccf	559665ca-5d9f-4edd-9c74-e9774391b6b3
29	2017-08-16 12:25:00.190098+00	2017-08-16 12:25:00.195018+00	d3f9dccee211c18b0245ab39a4961dacdb9787d7c135ed09d391c431f6bacd00	\N
15	2017-08-11 11:52:41.608619+00	2017-08-11 11:53:05.695453+00	0d8beebc14f092f2ac398c49d708f969f6579ac8d3fc17f64f0e0217958c9587	06dc1701-b8ce-4cf4-a78e-9b65f59078e5
37	2017-08-17 09:40:15.282653+00	2017-08-17 09:40:15.289763+00	fe907cd346cddc8ef14fe7b8f9364274175908939873bfa95fcbb27989a8439c	7a2a5815-5de9-4f34-9c7a-53926e1bcb32
16	2017-08-11 15:19:21.411842+00	2017-08-11 15:19:26.107428+00	164e76261b5d1080a5bfa4e8eaf92df0a4533ff5cb1a7534fa9b5622a07ce296	\N
17	2017-08-14 09:01:51.719614+00	2017-08-14 09:01:51.719659+00	fd4d6bd620fbf2c945480c92560860c55e623f1ec0d92006e37f35bea47f12ca	5d69ed35-645c-43f6-a8f6-b94d013036cc
12	2017-08-08 10:50:25.559755+00	2017-08-08 10:50:25.571605+00	38da27ef7badd542d9263f48264edcf67f8a3f20defb90f7276b11e9a2edd9b9	7a2a5815-5de9-4f34-9c7a-53926e1bcb32
18	2017-08-14 15:15:25.966209+00	2017-08-14 15:15:25.971466+00	2d0b431e61c2233a59425ea8ffea95d8f70ebf0bd3cf9316c65131e096ff8a4e	\N
30	2017-08-16 12:43:33.021549+00	2017-08-16 12:43:33.027014+00	692c447adbc6abecb129c191ebb488767670d897c1c16455e30e58717a72f7df	7a2a5815-5de9-4f34-9c7a-53926e1bcb32
20	2017-08-14 19:18:12.292511+00	2017-08-14 19:18:12.298256+00	c5bdd0c33e40fdbb70b0c494e69d37dc140eed7772b5f80251e2eed39d51162f	7a2a5815-5de9-4f34-9c7a-53926e1bcb32
21	2017-08-14 19:42:56.53329+00	2017-08-14 19:42:56.539477+00	ce579d7bf7be184e401e95cf0a1a5a23d7a1f5bcf4b154d93a76ceb839fc3082	\N
19	2017-08-14 19:10:53.013382+00	2017-08-14 19:10:53.019001+00	65ccd8906de717ba1b041aaaed609f603287c9fe9e48bcd72a0bc1e97ae939e5	7a2a5815-5de9-4f34-9c7a-53926e1bcb32
31	2017-08-16 12:54:27.31156+00	2017-08-16 12:54:27.316435+00	6c18428be27006b632e87dc64a00c3ec7d21027c4efb5a9194a55410632b5de4	\N
22	2017-08-15 12:17:41.07507+00	2017-08-15 12:17:59.570159+00	b01201e5cf37aadfda7e92a02d68c95dc0ba7c79dfcc86e3362c9e41d2df31c9	\N
23	2017-08-15 12:45:50.691454+00	2017-08-15 12:45:50.697579+00	a67b5fa669dd42fac20b0b1ce3b21cc6c3556ab34890710ddec2af842ff2b6b0	\N
24	2017-08-15 14:50:17.980629+00	2017-08-15 14:50:17.985756+00	00292c4d9999f8d14cb1e7ca8e255562405580e7750742f9e1d58e5d221edcea	\N
32	2017-08-16 13:02:58.712736+00	2017-08-16 13:03:01.89876+00	7a7251a0402b55997106336c6aa44fad7cd1e8654521f834c49a5b442e852273	7a2a5815-5de9-4f34-9c7a-53926e1bcb32
25	2017-08-15 15:18:42.215965+00	2017-08-15 15:34:43.430784+00	9694596ac3fa15e8d4fe2fa140bee836f938da75a4edbb68d187f0713eaec146	7a2a5815-5de9-4f34-9c7a-53926e1bcb32
26	2017-08-16 10:27:58.557525+00	2017-08-16 10:27:58.561156+00	96c5392794b191128d73b08365cbc69bd6cfb19df11a58c5a513ad0f30b8c653	\N
40	2017-08-18 08:19:04.026004+00	2017-08-18 08:19:05.502513+00	f433069e8fa5f576cd185ccd7220d601f47d63ff1a00f95e10536d921c984b18	\N
34	2017-08-16 21:40:43.098257+00	2017-08-16 21:40:43.102517+00	cacb77c727ccbc656ae84d094deaec7f90ba2a80193ad4462acac228a8a072e7	\N
33	2017-08-16 13:48:08.722522+00	2017-08-16 22:00:05.773313+00	9816bda08964880c2a17de200dcacfec32d26cfa3420e456c653cc44e2026fb2	\N
35	2017-08-17 08:26:12.753492+00	2017-08-17 08:26:12.758695+00	407a068afa36444600b1e5c6c1009cc1dc4a466771a76d688c15353cccf29950	\N
47	2017-08-18 15:47:30.136443+00	2017-08-18 15:47:30.136485+00	49846fda762ed0e94c98907ffd3984b7c5f9434076f2464c9394a918383ff55c	06dc1701-b8ce-4cf4-a78e-9b65f59078e5
42	2017-08-18 10:24:59.825603+00	2017-08-18 10:24:59.825657+00	fed69f6457d19b1edb50adafcff19657643ab3149385db28ce98763025b66b00	7a2a5815-5de9-4f34-9c7a-53926e1bcb32
36	2017-08-17 09:11:48.689583+00	2017-08-17 09:11:52.524423+00	3238894c715646f5d4183f392ef8b03b097038e8e4be89bb20f8486fc8e0c048	7a2a5815-5de9-4f34-9c7a-53926e1bcb32
41	2017-08-18 08:21:42.441492+00	2017-08-18 08:21:42.445074+00	31e01eb23ca5355373033810a2fdc2992c920efc9a7948bc7495de5e2c11b3cb	7a2a5815-5de9-4f34-9c7a-53926e1bcb32
38	2017-08-17 12:50:19.03179+00	2017-08-17 12:52:32.294743+00	8d76e866c67b00d9648a1225da4f7a1d81f342eb222e9816adef677cb9e04030	\N
39	2017-08-17 15:35:05.064532+00	2017-08-17 15:35:05.070816+00	2885ccb62d423ca6ebf71cad1dad82535ee8bd9f66f06a57ab0a0914209a14a8	\N
43	2017-08-18 11:51:25.233305+00	2017-08-18 11:51:25.247724+00	61048e30690c517902a14762a1af543644329ba84f26252fbeb3e27f247e86a6	\N
44	2017-08-18 11:51:25.235805+00	2017-08-18 11:51:25.252265+00	8f11ebd24bb441409e768ec4a56d1021fd7c26249e920e39ba1ed23c09148e6c	\N
48	2017-08-18 16:38:20.26841+00	2017-08-18 16:38:20.271968+00	2b6babd3389b759e2fbf80f883b2080c5a19c41db0fcaeeb1a12863e727c6c12	\N
52	2017-08-18 19:25:01.895586+00	2017-08-18 19:25:01.902586+00	42fc9f2fd7a0a9d084abeae0f57f94fc1c388f9bee8630a8f183269e98645109	\N
53	2017-08-18 19:28:00.105068+00	2017-08-18 19:28:00.110481+00	d48ad87631836e0a3076b2155053698806c80cb584554d9ebf44ad647b9e9742	\N
49	2017-08-18 16:38:55.536325+00	2017-08-18 16:46:05.681218+00	0a5caf622e7b8be1ff0c9e3f9bfccb972e0d541af5859fc7bb90a26c2e318675	\N
50	2017-08-18 17:34:03.615034+00	2017-08-18 17:34:06.847768+00	155a898c882d9b0b8ff387eece61dace4fd318b99ece61de1f84758b1bd0b64b	\N
59	2017-08-19 09:49:32.459537+00	2017-08-19 09:49:32.466513+00	eb5bb53d147f38a67b0d8e5fa4522f5e42063f72806c6d9de805132ef0e17c91	\N
45	2017-08-18 11:51:25.292737+00	2017-08-18 11:51:39.759917+00	5ba92094498b4c7f7f9c9d112cf85bf8add7cfe71b4577b559a17338be19c851	\N
54	2017-08-18 19:54:46.717993+00	2017-08-18 19:55:09.995995+00	2f9eaad52d42657534bbedc610364ff230fae681d1883ddd3dd76b7f03bd2b15	\N
46	2017-08-18 13:06:51.751891+00	2017-08-18 13:06:51.751931+00	c984e9966410d7e91ef76fc4faae7e6a5ca80e4527c5809fd6f1505edfb959da	7a2a5815-5de9-4f34-9c7a-53926e1bcb32
51	2017-08-18 18:25:27.519565+00	2017-08-18 19:43:09.907602+00	d9ffc11bb0bd48f6ff0653778926507bfca176417d3031b4ab50898d0aeb08d4	\N
56	2017-08-18 21:24:38.698645+00	2017-08-18 21:24:38.702422+00	f8dd0100331c9073a87b38d2170fbd41f03a6cac6955b81630552e031a56477a	\N
55	2017-08-18 20:09:16.194054+00	2017-08-19 08:18:36.781971+00	5f6136aee2a1dbafbefe0afe9ed8870d1b8942fd70ad18ac15a931386d635c90	\N
57	2017-08-18 21:35:24.94319+00	2017-08-18 21:35:26.467045+00	4f16915f9776e7ad80076fb8a58290e59d1a13f1eeb4a38bd78e47f02dfee3e0	\N
61	2017-08-19 10:12:08.004105+00	2017-08-19 10:12:08.004257+00	24241244a1737aa7f8f44b0a75e6e0aab6c5597bb2d25f5fef6ad3b79bdbfd38	7a2a5815-5de9-4f34-9c7a-53926e1bcb32
60	2017-08-19 09:56:36.822292+00	2017-08-19 09:56:36.826609+00	2ef49dfd6ee698cb2d220621492d884c77a9b0f7dadfa550326686bf69da3a4d	\N
58	2017-08-18 21:35:53.332977+00	2017-08-19 09:57:16.502559+00	99d777478b56d10239ff12e1637b68d2e213e3dbfd2487ea23c813791c6991f2	\N
62	2017-08-19 10:13:14.90536+00	2017-08-19 10:13:14.905412+00	1c6a7e9fe830ee4ef1605cb8f2fdf08482d967d31f1589f72ac801005e081fb1	7a2a5815-5de9-4f34-9c7a-53926e1bcb32
63	2017-08-19 10:14:01.229963+00	2017-08-19 10:14:01.23002+00	8ce4da6cf201222c157fa80e8fea3671bacbc6e332e8d7ffaf159f1e2022ff2e	7a2a5815-5de9-4f34-9c7a-53926e1bcb32
64	2017-08-19 10:17:02.569043+00	2017-08-19 10:17:02.577281+00	1585d5dd71e001294753b60f845f051aa35503fed6bfc9788a8ea2471b5c8153	\N
65	2017-08-19 10:22:56.474047+00	2017-08-19 10:22:56.482356+00	b18b8c8b4b4534fd2112e31a8d5db2cf536594913e779c49531a1e2c9d52e2a2	\N
66	2017-08-19 11:29:27.351646+00	2017-08-19 11:29:27.351701+00	2b4f8a76eab94ca37eb101b98aef88a46995102090172547a3a13dc7ab183125	7a2a5815-5de9-4f34-9c7a-53926e1bcb32
\.


--
-- Name: cart_cart_id_seq; Type: SEQUENCE SET; Schema: public; Owner: postgres
--

SELECT pg_catalog.setval('cart_cart_id_seq', 66, true);


--
-- Data for Name: cart_cartitem; Type: TABLE DATA; Schema: public; Owner: postgres
--

COPY cart_cartitem (id, amount, cart_id, price_id) FROM stdin;
71	1	32	5
72	1	34	3
69	2	33	3
73	1	15	3
74	1	35	3
77	1	37	3
79	1	38	2
80	1	38	7
83	1	39	7
84	1	36	7
85	1	40	5
86	1	40	7
87	1	36	30
88	1	41	7
89	1	30	5
91	1	42	6
92	1	43	37
93	1	44	38
94	1	45	37
11	1	9	30
12	1	10	5
96	1	45	7
15	1	11	3
17	1	11	2
22	1	13	7
23	1	14	3
24	1	14	2
35	1	12	25
36	1	12	19
37	1	12	30
38	1	16	3
39	1	16	5
40	1	17	19
41	1	18	3
42	1	19	3
47	1	20	20
48	1	20	11
49	1	21	3
95	21	45	34
51	1	22	2
52	1	23	3
53	1	24	3
56	1	25	4
54	2	25	3
43	1	20	3
59	1	26	3
60	1	27	3
61	1	28	3
62	1	29	5
63	1	30	3
99	2	47	3
65	1	31	7
100	1	48	3
101	1	49	3
103	1	49	2
104	1	49	9
105	1	50	3
106	1	50	2
97	1	46	7
108	1	52	27
109	1	53	7
111	1	51	7
114	1	51	32
116	1	54	32
124	1	55	7
125	1	56	7
126	2	57	5
127	1	58	5
128	1	55	36
129	1	59	7
132	1	60	3
133	1	58	2
98	2	46	3
134	2	61	5
135	1	62	3
136	1	63	5
137	1	64	7
138	1	65	7
141	1	66	7
\.


--
-- Name: cart_cartitem_id_seq; Type: SEQUENCE SET; Schema: public; Owner: postgres
--

SELECT pg_catalog.setval('cart_cartitem_id_seq', 141, true);


--
-- Data for Name: cart_order; Type: TABLE DATA; Schema: public; Owner: postgres
--

COPY cart_order (id, created_at, updated_at, status, address_id, cart_id, user_id, number, comment, started_at, online_status, payment_type, sb_form_url, sb_remote_id, sb_internal_id) FROM stdin;
13	2017-08-09 11:04:15.658271+00	2017-08-09 11:09:23.862906+00	CONFIRMED	13	13	1f5b01f5-0e02-46dd-bfec-14c029da05b8	109		2017-08-09 11:09:23.862098+00	2	ONLINE	https://3dsec.sberbank.ru/payment/merchants/djelatoamato/payment_ru.html?mdOrder=eac05bf5-f658-44fb-a30d-914e0a63e764	eac05bf5-f658-44fb-a30d-914e0a63e764	6af1dc8229cc41c9b3fd90ee9619e8b1
7	2017-07-19 12:12:49.801301+00	2017-07-19 12:13:08.536372+00	WAIT	7	7	\N	103		\N	0	ONLINE	https://3dsec.sberbank.ru/payment/merchants/djelatoamato/payment_ru.html?mdOrder=f90e210c-5831-4fc6-80ad-1d56c1034237	f90e210c-5831-4fc6-80ad-1d56c1034237	627b4725916a4e789b979aa3a1dd5c7d
9	2017-07-27 18:39:33.954198+00	2017-08-07 18:02:21.022004+00	FAILED	9	9	7a2a5815-5de9-4f34-9c7a-53926e1bcb32	105	123	\N	6	ONLINE	https://3dsec.sberbank.ru/payment/merchants/djelatoamato/payment_ru.html?mdOrder=88ea7be4-4aa6-4869-9a06-ab3b4790b7ff	88ea7be4-4aa6-4869-9a06-ab3b4790b7ff	219ec45fe8ff412f9aa9797f2cabdb42
12	2017-08-08 10:50:56.801556+00	2017-08-14 16:11:00.146302+00	WAIT	12	12	\N	108		2017-08-14 16:11:00.14553+00	\N	ON_DELIVERY			4f96406d92aa4da8aee8bdcc06201879
10	2017-07-30 18:57:34.756048+00	2017-08-07 16:37:54.102356+00	CONFIRMED	10	10	7a2a5815-5de9-4f34-9c7a-53926e1bcb32	106		2017-08-07 16:37:54.101692+00	2	ONLINE	https://3dsec.sberbank.ru/payment/merchants/djelatoamato/payment_ru.html?mdOrder=eb372385-8427-4a79-8882-0c801afef9b6	eb372385-8427-4a79-8882-0c801afef9b6	64d9c5df189441de8b5b258f68cb174b
5	2017-07-18 10:00:30.077527+00	2017-08-09 11:02:34.919085+00	FAILED	5	5	7a2a5815-5de9-4f34-9c7a-53926e1bcb32	101		\N	6	ONLINE	https://3dsec.sberbank.ru/payment/merchants/djelatoamato/payment_ru.html?mdOrder=9959dd7a-8498-42a2-b9a9-5de0d2810c1e	9959dd7a-8498-42a2-b9a9-5de0d2810c1e	d8f390bf8acf4dbfb87a6c3c7fe7044c
36	2017-08-17 14:25:43.633241+00	2017-08-18 08:15:30.344367+00	WAIT	36	37	\N	132		2017-08-18 08:15:30.342777+00	\N	ON_DELIVERY			2f40038442bd4270881e14349e84d7ac
34	2017-08-17 09:12:03.190795+00	2017-08-18 08:24:04.467257+00	WAIT	34	36	\N	130		2017-08-18 08:24:04.465017+00	\N	ON_DELIVERY			20c668198f6f4a89b8a5999ce82e9a55
30	2017-08-16 13:03:34.265212+00	2017-08-18 09:57:00.020537+00	WAIT	30	32	\N	126		2017-08-18 09:56:59.964045+00	\N	ON_DELIVERY			4a6e7c8d735d420187fcfdf97015da05
29	2017-08-16 12:58:01.925491+00	2017-08-18 10:16:08.785889+00	WAIT	29	30	7a2a5815-5de9-4f34-9c7a-53926e1bcb32	125		2017-08-18 10:16:08.784351+00	\N	ON_DELIVERY			f10aee8bf49f497a86c12018d3e78cb6
23	2017-08-15 15:33:57.596353+00	2017-08-18 10:21:33.501843+00	WAIT	23	25	\N	119	 	2017-08-18 10:21:33.436115+00	\N	ON_DELIVERY			df73e758a863499387f1724e64ad0fb1
14	2017-08-09 11:09:47.027889+00	2017-08-09 11:09:47.027936+00	WAIT	14	14	559665ca-5d9f-4edd-9c74-e9774391b6b3	110		\N	\N	ON_DELIVERY			1096b226d55345598341c706132422b0
6	2017-07-19 12:05:30.937252+00	2017-07-19 12:05:30.937418+00	WAIT	6	6	\N	102		\N	\N	ON_DELIVERY			ae5547ff71d9409f9db4c06ae583fbbf
15	2017-08-11 11:53:15.366061+00	2017-08-11 11:53:15.366292+00	WAIT	15	15	\N	111		\N	\N	ON_DELIVERY			d62286b5177d48b78edb979157621d9e
8	2017-07-19 12:13:26.515559+00	2017-07-19 12:13:26.51568+00	WAIT	8	8	\N	104		\N	\N	ON_DELIVERY			be7952f5c5284346b8cbbb304067a830
16	2017-08-11 15:19:36.15836+00	2017-08-11 15:19:36.158461+00	WAIT	16	16	\N	112		\N	\N	ON_DELIVERY			84024f5b429e4c2bbf9ed78273c07f2c
17	2017-08-14 09:01:59.555379+00	2017-08-14 09:01:59.555467+00	WAIT	17	17	5d69ed35-645c-43f6-a8f6-b94d013036cc	113		\N	\N	ON_DELIVERY			73c6228eba754b3b810156900cbbaba7
18	2017-08-14 19:16:27.959827+00	2017-08-14 19:16:27.96015+00	WAIT	18	18	\N	114		\N	\N	ON_DELIVERY			0399c207a6264871978cf39cf4dfef55
19	2017-08-14 19:19:30.452965+00	2017-08-14 19:19:30.453148+00	WAIT	19	20	\N	115		\N	\N	ON_DELIVERY			a2d538a73fdc4f8a9fab49268425fdbf
20	2017-08-14 19:46:03.506802+00	2017-08-14 19:46:03.506992+00	WAIT	20	19	\N	116		\N	\N	ON_DELIVERY			f3264126e978471b8c0e03aa496569cb
21	2017-08-15 12:45:55.077929+00	2017-08-15 12:45:55.077985+00	WAIT	21	23	\N	117		\N	\N	ON_DELIVERY			430b3de878d14598842fa956c0e9c4e3
22	2017-08-15 14:50:25.225529+00	2017-08-15 14:50:25.225718+00	WAIT	22	24	\N	118		\N	\N	ON_DELIVERY			603d9b5e72924c598fa0472b07512fca
11	2017-08-07 17:10:11.740227+00	2017-08-07 17:10:11.7403+00	WAIT	11	11	7a2a5815-5de9-4f34-9c7a-53926e1bcb32	107		\N	\N	ON_DELIVERY			f3c7a454446444b9ba1a7d13bc629275
24	2017-08-16 10:28:05.073849+00	2017-08-16 10:28:05.074018+00	WAIT	24	26	\N	120		\N	\N	ON_DELIVERY			543e1d28e67e4b2eae8c060f4118ef03
25	2017-08-16 10:38:16.305707+00	2017-08-16 10:38:16.305803+00	WAIT	25	27	\N	121		\N	\N	ON_DELIVERY			7bf8b04b7e254b2faa8ccb77a16d92a7
26	2017-08-16 10:41:36.193749+00	2017-08-16 10:41:36.19386+00	WAIT	26	28	\N	122		\N	\N	ON_DELIVERY			0fd2b3c336e74b86b4b21e9e87bef060
27	2017-08-16 12:34:21.963101+00	2017-08-16 12:34:21.96327+00	WAIT	27	29	\N	123		\N	\N	ON_DELIVERY			f9f5f1241dfe4229abe192e09f191df9
28	2017-08-16 12:55:26.731567+00	2017-08-16 12:55:26.731757+00	WAIT	28	31	\N	124		\N	\N	ON_DELIVERY			53b98dd67374410fbda55d7dc27c1dca
31	2017-08-16 13:48:15.328523+00	2017-08-16 13:48:15.3286+00	WAIT	31	33	\N	127		\N	\N	ON_DELIVERY			9923063bc0934977b2eba8132a3cc9ab
32	2017-08-16 21:41:17.293054+00	2017-08-16 21:41:17.293176+00	WAIT	32	34	\N	128		\N	\N	ON_DELIVERY			379bb2c028804f24aff8c5938d317f5e
33	2017-08-17 08:26:23.481847+00	2017-08-17 08:26:23.481988+00	WAIT	33	35	\N	129		\N	\N	ON_DELIVERY			83c074289d134c65b81f632233dcb59e
35	2017-08-17 12:50:28.120692+00	2017-08-17 12:50:28.120838+00	WAIT	35	38	\N	131		\N	\N	ON_DELIVERY			085fc2c02821476e83b1d9c2f4a39b83
37	2017-08-17 15:35:09.050209+00	2017-08-17 15:35:09.050337+00	WAIT	37	39	\N	133		\N	\N	ON_DELIVERY			8ac039258ff14c92b400b67ef7c19b82
38	2017-08-18 08:19:41.228855+00	2017-08-18 08:19:41.228936+00	WAIT	38	40	\N	134		\N	\N	ON_DELIVERY			cb9516e10f5742d1b865ed850d6991ad
39	2017-08-18 08:21:47.217172+00	2017-08-18 08:21:47.217225+00	WAIT	39	41	\N	135		\N	\N	ON_DELIVERY			194d710c68a14efb8d6fd2006ed5ef7d
40	2017-08-18 10:26:01.380573+00	2017-08-18 10:26:17.892622+00	WAIT	40	42	7a2a5815-5de9-4f34-9c7a-53926e1bcb32	136		2017-08-18 10:26:17.891447+00	\N	ON_DELIVERY			0a2dc74f7f2d40d29854624f8649f5a5
42	2017-08-18 15:48:02.380793+00	2017-08-18 15:48:02.380853+00	NEW	42	47	06dc1701-b8ce-4cf4-a78e-9b65f59078e5	138		\N	\N	ON_DELIVERY			012ca307a4d6416eae2fb72855385c3f
43	2017-08-18 16:39:34.255955+00	2017-08-18 16:39:34.256071+00	NEW	43	48	\N	139		\N	\N	ON_DELIVERY			9751ea5a83ed4b09b4419e050ec9a9e0
44	2017-08-18 16:46:07.661556+00	2017-08-18 16:46:07.661632+00	NEW	44	49	\N	140		\N	\N	ON_DELIVERY			39b83530dcc341e18e554ae26aab27cd
45	2017-08-18 17:34:08.757303+00	2017-08-18 17:34:08.757404+00	NEW	45	50	\N	141		\N	\N	ON_DELIVERY			d2306da4b6494109aa0410f5c1dcc7f2
46	2017-08-18 18:25:43.231951+00	2017-08-18 18:25:43.232206+00	NEW	46	51	\N	142		\N	\N	ON_DELIVERY			e4a32567754340ce8acfc7c1aebd1848
47	2017-08-18 19:25:12.492211+00	2017-08-18 19:25:12.492301+00	NEW	47	52	\N	143		\N	\N	ON_DELIVERY			a73d3a9f6afb4d079f1ede5de27ac0b6
48	2017-08-18 19:28:10.240534+00	2017-08-18 19:28:10.240687+00	NEW	48	53	\N	144		\N	\N	ON_DELIVERY			3793b6f654a540499b961f6c4a2b625f
49	2017-08-19 10:06:03.252404+00	2017-08-19 10:06:03.252512+00	NEW	49	58	\N	145		\N	\N	ON_DELIVERY			182d2d59aaeb44e9bac50d10814efb78
41	2017-08-18 13:07:45.8441+00	2017-08-19 10:10:00.208849+00	CONFIRMED	41	46	7a2a5815-5de9-4f34-9c7a-53926e1bcb32	137		2017-08-19 10:10:00.208039+00	2	ONLINE	https://3dsec.sberbank.ru/payment/merchants/djelatoamato/payment_ru.html?mdOrder=956d8e92-1a31-4f53-8abe-6e88829e85ae	956d8e92-1a31-4f53-8abe-6e88829e85ae	c2011e8eb11f487f9e8a1245e8386d0e
50	2017-08-19 10:12:12.095088+00	2017-08-19 10:12:24.902911+00	WAIT	50	61	7a2a5815-5de9-4f34-9c7a-53926e1bcb32	146		\N	0	ONLINE	https://3dsec.sberbank.ru/payment/merchants/djelatoamato/payment_ru.html?mdOrder=f69a1ebf-9e0e-4eb8-b517-441bb8a5e348	f69a1ebf-9e0e-4eb8-b517-441bb8a5e348	dc24b4f85b8646e6aece3216f4020b9b
51	2017-08-19 10:13:23.363698+00	2017-08-19 10:13:44.086975+00	WAIT	51	62	7a2a5815-5de9-4f34-9c7a-53926e1bcb32	147		2017-08-19 10:13:44.086084+00	\N	ON_DELIVERY			928c33b3b7fd4dd6b4a15fb63539bbbe
52	2017-08-19 10:14:05.343495+00	2017-08-19 10:14:15.565478+00	WAIT	52	63	7a2a5815-5de9-4f34-9c7a-53926e1bcb32	148		\N	0	ONLINE	https://3dsec.sberbank.ru/payment/merchants/djelatoamato/payment_ru.html?mdOrder=cb31d1be-521a-4f01-b107-6bdcfca673c8	cb31d1be-521a-4f01-b107-6bdcfca673c8	bb5ea14520bb4a348b2c3bc180a386f8
53	2017-08-19 10:17:05.613658+00	2017-08-19 10:17:05.613716+00	NEW	53	64	\N	149		\N	\N	ON_DELIVERY			45a86b2ada0347b0886e44ce98882134
54	2017-08-19 10:23:07.466656+00	2017-08-19 10:23:07.466803+00	NEW	54	65	\N	150		\N	\N	ON_DELIVERY			2b46117702e54c05829c9c6d8214f034
\.


--
-- Name: cart_order_id_seq; Type: SEQUENCE SET; Schema: public; Owner: postgres
--

SELECT pg_catalog.setval('cart_order_id_seq', 54, true);


--
-- Data for Name: catalog_action; Type: TABLE DATA; Schema: public; Owner: postgres
--

COPY catalog_action (id, icon, color) FROM stdin;
3	actions/7f344a74-49ad-4781-be83-1851920a9468.png	#ef5350
1	actions/77205be1-4571-4361-8fb0-0f0e292a534f.png	#fbb040
2	actions/8be35c25-70e7-445b-8b7d-323ffe974cff.png	#651fff
\.


--
-- Name: catalog_action_id_seq; Type: SEQUENCE SET; Schema: public; Owner: postgres
--

SELECT pg_catalog.setval('catalog_action_id_seq', 3, true);


--
-- Data for Name: catalog_action_translation; Type: TABLE DATA; Schema: public; Owner: postgres
--

COPY catalog_action_translation (id, language_code, name, master_id) FROM stdin;
1	ru	!	1
2	ru	!	2
3	ru	!	3
4	en	New!	3
6	en	Hit!	1
5	en	Discount!	2
\.


--
-- Name: catalog_action_translation_id_seq; Type: SEQUENCE SET; Schema: public; Owner: postgres
--

SELECT pg_catalog.setval('catalog_action_translation_id_seq', 6, true);


--
-- Data for Name: catalog_category; Type: TABLE DATA; Schema: public; Owner: postgres
--

COPY catalog_category (id, created_at, updated_at, icon, "position") FROM stdin;
1	2017-07-09 18:11:07.328275+00	2017-08-17 05:14:26.66382+00	ic-pizza.png	1
2	2017-07-12 08:34:44.05867+00	2017-08-17 05:14:43.923073+00	ic-pizza_tN0gyS9.png	2
3	2017-07-12 08:34:59.2442+00	2017-08-17 05:15:09.615317+00	ic-drinks.png	3
4	2017-07-12 08:35:22.110966+00	2017-08-17 05:15:51.54708+00	ic-icecream.png	4
\.


--
-- Name: catalog_category_id_seq; Type: SEQUENCE SET; Schema: public; Owner: postgres
--

SELECT pg_catalog.setval('catalog_category_id_seq', 4, true);


--
-- Data for Name: catalog_category_translation; Type: TABLE DATA; Schema: public; Owner: postgres
--

COPY catalog_category_translation (id, language_code, name, master_id) FROM stdin;
1	ru		1
2	ru		2
3	ru		3
4	ru	/	4
5	en	Pizza	1
6	en	Salads	2
7	en	Drinks	3
8	en	Ice cream/Desserts	4
\.


--
-- Name: catalog_category_translation_id_seq; Type: SEQUENCE SET; Schema: public; Owner: postgres
--

SELECT pg_catalog.setval('catalog_category_translation_id_seq', 8, true);


--
-- Data for Name: catalog_favoriteproduct; Type: TABLE DATA; Schema: public; Owner: postgres
--

COPY catalog_favoriteproduct (id, created_at, product_id, user_id) FROM stdin;
\.


--
-- Name: catalog_favoriteproduct_id_seq; Type: SEQUENCE SET; Schema: public; Owner: postgres
--

SELECT pg_catalog.setval('catalog_favoriteproduct_id_seq', 1, false);


--
-- Data for Name: catalog_image; Type: TABLE DATA; Schema: public; Owner: postgres
--

COPY catalog_image (id, created_at, updated_at, object_id, image, "position", content_type_id) FROM stdin;
16	2017-07-27 12:54:00.318489+00	2017-07-27 12:54:00.31852+00	16	images/5f7a6785-d617-4cbb-a3fa-68da24c636e1.png	0	18
17	2017-07-27 12:55:58.22339+00	2017-08-07 16:03:15.949143+00	17	images/1f716057-3105-47b2-93e4-f0da2749964e.png	0	18
3	2017-07-27 12:27:56.501488+00	2017-08-07 16:06:13.483013+00	3	images/b2a266bf-c2cb-4620-9a3f-95b1e53aa427.png	0	18
4	2017-07-27 12:32:03.147406+00	2017-08-07 16:07:20.828254+00	4	images/a11cb9fe-5c1f-4b75-a4b7-20dc889b8cf5.png	0	18
5	2017-07-27 12:34:49.483362+00	2017-08-07 16:07:47.25268+00	5	images/14f9ed84-6407-406e-adcf-cde1fca935b7.png	0	18
6	2017-07-27 12:37:00.456161+00	2017-08-07 16:08:44.806871+00	6	images/cf589821-d9a7-4930-b97b-9b13d0fb92d8.png	0	18
8	2017-07-27 12:45:12.156132+00	2017-08-07 16:11:35.041029+00	8	images/3875a206-70ac-47eb-b310-9b0a836bf5d8.png	0	18
7	2017-07-27 12:38:07.178101+00	2017-08-07 16:12:09.701299+00	7	images/79894c6f-7848-4694-bc38-ddbc729cd0d3.png	0	18
9	2017-07-27 12:47:06.325403+00	2017-08-07 16:12:55.437753+00	9	images/b943f256-de90-427e-beb8-dab15034be47.png	0	18
10	2017-07-27 12:48:14.600164+00	2017-08-07 16:14:00.901322+00	10	images/a3b3accd-79b3-46a1-8266-568c12f8b3f3.png	0	18
11	2017-07-27 12:50:14.707009+00	2017-08-07 16:14:35.397647+00	11	images/3d56881a-27d9-48d4-9c98-35ada8537b1a.png	0	18
12	2017-07-27 12:51:03.133806+00	2017-08-07 16:15:10.365317+00	12	images/3e3f63d8-9542-4fee-8376-620d4e445350.png	0	18
13	2017-07-27 12:51:48.91477+00	2017-08-07 16:16:03.802738+00	13	images/b3ff6791-1210-4fa4-9361-a8ccc10136b5.png	0	18
14	2017-07-27 12:52:33.084815+00	2017-08-07 16:16:49.299537+00	14	images/f72d7f53-78e9-4b49-8590-501ecaaa6869.png	0	18
15	2017-07-27 12:53:12.933993+00	2017-08-07 16:17:17.803505+00	15	images/9f30716e-8d0e-4187-8bc2-c13c9d0f88fb.png	0	18
2	2017-07-12 08:37:43.414345+00	2017-08-17 13:21:24.987203+00	2	images/2c7107fe-6515-45ae-905e-924c55b07bec.png	0	18
18	2017-08-17 13:25:08.715186+00	2017-08-17 13:25:18.824026+00	18	images/52cfc742-65c7-4244-abea-fcddda787f50.png	0	18
19	2017-08-17 13:27:25.949064+00	2017-08-17 13:27:25.949183+00	19	images/c62b099f-41ab-4dad-9346-de3c28d45c49.png	0	18
20	2017-08-17 16:30:52.87743+00	2017-08-17 16:30:52.877492+00	20	images/5021bc66-897d-4f0d-8188-0c38a869662a.png	0	18
21	2017-08-17 16:34:55.543359+00	2017-08-17 16:34:55.543393+00	21	images/c49bb2c3-cae9-4571-bebe-10f36466a513.png	0	18
22	2017-08-17 16:47:00.133923+00	2017-08-17 16:47:00.133957+00	22	images/de975c98-6f9c-4e2d-9125-2c17ee6a79df.png	0	18
23	2017-08-17 16:55:45.87692+00	2017-08-17 16:55:45.876946+00	23	images/78bf1796-ad57-4987-bb98-3658fda1dae7.png	0	18
\.


--
-- Name: catalog_image_id_seq; Type: SEQUENCE SET; Schema: public; Owner: postgres
--

SELECT pg_catalog.setval('catalog_image_id_seq', 23, true);


--
-- Data for Name: catalog_product; Type: TABLE DATA; Schema: public; Owner: postgres
--

COPY catalog_product (id, created_at, updated_at, is_active, old_price, action_id, category_id, "position") FROM stdin;
17	2017-07-27 12:55:58.209735+00	2017-08-18 19:23:03.772059+00	t	0.00	\N	1	6
16	2017-07-27 12:54:00.310074+00	2017-08-18 19:23:03.776006+00	t	0.00	\N	1	7
15	2017-07-27 12:53:12.919924+00	2017-08-18 19:23:03.780218+00	t	0.00	\N	1	5
23	2017-08-17 16:55:45.858758+00	2017-08-18 19:23:03.768334+00	t	0.00	\N	3	4
14	2017-07-27 12:52:33.073488+00	2017-08-18 19:23:03.796249+00	t	0.00	\N	1	8
13	2017-07-27 12:51:48.889108+00	2017-08-18 19:23:03.801486+00	t	0.00	\N	1	9
12	2017-07-27 12:51:03.117284+00	2017-08-18 19:23:03.805161+00	t	0.00	\N	1	10
11	2017-07-27 12:50:14.692977+00	2017-08-18 19:23:03.80857+00	t	0.00	\N	1	11
10	2017-07-27 12:48:14.588305+00	2017-08-18 19:23:03.81214+00	t	0.00	\N	1	12
9	2017-07-27 12:47:06.311623+00	2017-08-18 19:23:03.815773+00	t	0.00	\N	1	13
8	2017-07-27 12:45:12.144274+00	2017-08-18 19:23:03.819352+00	t	0.00	\N	1	14
7	2017-07-27 12:38:07.166731+00	2017-08-18 19:23:03.822819+00	t	0.00	\N	1	15
6	2017-07-27 12:37:00.437402+00	2017-08-18 19:23:03.827771+00	t	0.00	\N	1	16
5	2017-07-27 12:34:49.466041+00	2017-08-18 19:23:03.832362+00	t	0.00	3	1	17
4	2017-07-27 12:32:03.129526+00	2017-08-18 19:23:03.836325+00	t	0.00	2	1	18
3	2017-07-27 12:27:56.482726+00	2017-08-18 19:23:03.840305+00	t	0.00	1	1	19
21	2017-08-17 16:34:55.529215+00	2017-08-18 19:23:03.844275+00	t	0.00	\N	3	20
20	2017-08-17 16:30:52.847137+00	2017-08-18 19:23:03.848286+00	t	0.00	\N	3	21
18	2017-08-17 13:25:08.69263+00	2017-08-18 19:23:03.75743+00	t	0.00	\N	3	0
2	2017-07-12 08:37:43.402913+00	2017-08-18 19:23:03.747893+00	t	0.00	\N	3	3
22	2017-08-17 16:47:00.112946+00	2017-08-18 19:23:03.764783+00	t	0.00	\N	3	1
19	2017-08-17 13:27:25.90356+00	2017-08-18 19:23:03.761265+00	t	0.00	\N	3	2
\.


--
-- Name: catalog_product_id_seq; Type: SEQUENCE SET; Schema: public; Owner: postgres
--

SELECT pg_catalog.setval('catalog_product_id_seq', 23, true);


--
-- Data for Name: catalog_product_specials; Type: TABLE DATA; Schema: public; Owner: postgres
--

COPY catalog_product_specials (id, from_product_id, to_product_id) FROM stdin;
9	17	2
10	17	18
11	17	19
12	17	20
13	17	21
14	17	22
15	17	23
16	2	17
17	18	17
18	19	17
19	20	17
20	21	17
21	22	17
22	23	17
23	16	2
24	16	18
25	16	19
26	16	20
27	16	21
28	16	22
29	16	23
30	2	16
31	18	16
32	19	16
33	20	16
34	21	16
35	22	16
36	23	16
37	15	2
38	15	18
39	15	19
40	15	20
41	15	21
42	15	22
43	15	23
44	2	15
45	18	15
46	19	15
47	20	15
48	21	15
49	22	15
50	23	15
51	14	2
52	14	18
53	14	19
54	14	20
55	14	21
56	14	22
57	14	23
58	2	14
59	18	14
60	19	14
61	20	14
62	21	14
63	22	14
64	23	14
65	13	2
66	13	18
67	13	19
68	13	20
69	13	21
70	13	22
71	13	23
72	2	13
73	18	13
74	19	13
75	20	13
76	21	13
77	22	13
78	23	13
79	12	2
80	12	18
81	12	19
82	12	20
83	12	21
84	12	22
85	12	23
86	2	12
87	18	12
88	19	12
89	20	12
90	21	12
91	22	12
92	23	12
93	11	2
94	11	18
95	11	19
96	11	20
97	11	21
98	11	22
99	11	23
100	2	11
101	18	11
102	19	11
103	20	11
104	21	11
105	22	11
106	23	11
107	10	2
108	10	18
109	10	19
110	10	20
111	10	21
112	10	22
113	10	23
114	2	10
115	18	10
116	19	10
117	20	10
118	21	10
119	22	10
120	23	10
121	9	2
122	9	18
123	9	19
124	9	20
125	9	21
126	9	22
127	9	23
128	2	9
129	18	9
130	19	9
131	20	9
132	21	9
133	22	9
134	23	9
135	8	2
136	8	18
137	8	19
138	8	20
139	8	21
140	8	22
141	8	23
142	2	8
143	18	8
144	19	8
145	20	8
146	21	8
147	22	8
148	23	8
149	7	2
150	7	18
151	7	19
152	7	20
153	7	21
154	7	22
155	7	23
156	2	7
157	18	7
158	19	7
159	20	7
160	21	7
161	22	7
162	23	7
163	6	2
164	6	18
165	6	19
166	6	20
167	6	21
168	6	22
169	6	23
170	2	6
171	18	6
172	19	6
173	20	6
174	21	6
175	22	6
176	23	6
177	5	2
178	5	18
179	5	19
180	5	20
181	5	21
182	5	22
183	5	23
184	2	5
185	18	5
186	19	5
187	20	5
188	21	5
189	22	5
190	23	5
191	4	2
192	4	18
193	4	19
194	4	20
195	4	21
196	4	22
197	4	23
198	2	4
199	18	4
200	19	4
201	20	4
202	21	4
203	22	4
204	23	4
205	3	2
206	3	18
207	3	19
208	3	20
209	3	21
210	3	22
211	3	23
212	2	3
213	18	3
214	19	3
215	20	3
216	21	3
217	22	3
218	23	3
\.


--
-- Name: catalog_product_specials_id_seq; Type: SEQUENCE SET; Schema: public; Owner: postgres
--

SELECT pg_catalog.setval('catalog_product_specials_id_seq', 218, true);


--
-- Data for Name: catalog_product_translation; Type: TABLE DATA; Schema: public; Owner: postgres
--

COPY catalog_product_translation (id, language_code, name, ingredients, master_id) FROM stdin;
2	ru		, 	3
3	ru		, , 	4
4	ru	  	, ,  , 	5
5	ru	 / 	, , , 	6
6	ru	4 	, , , , 	7
7	ru	 	, , 	8
8	ru	RALLY	, , , , , 	9
9	ru		, , , , , , 	10
10	ru	 / 	, , , 	11
11	ru		, , ,  , , 	12
12	ru		, , , 	13
13	ru		, , , , .	14
14	ru	 / 	, , , 	15
15	ru	:  / 	, 	16
16	ru	:  / 	, 	17
17	en	Calzone: chicken and mushrooms	Chicken and mushrooms	17
18	en	Calzone: ricotta and spinach	Ricotta and spinach	16
19	en	Tonno cipolle	Tomato, mozzarella, tuna and onion	15
20	en	Vegetarian	Tomato, mozzarella, aubergine, zucchini and sweet pepper	14
21	en	Marinara	Tomato, olives, capers and anchovies	13
22	en	Caesar	Tomato, mozzarella, chicken, lettuce, croutons and parmesan	12
23	en	With salmon and rocket	Tomato, mozzarella, salmon and rocket	11
24	en	Capricciosa	Tomato, mozzarella, ham, salami, artichoke, mushrooms and olives	10
25	en	Rally	Tomato, mozzarella, ham, salami, mushrooms and gorgonzola	9
26	en	With shrimps	Tomato, mozzarella, shrimps	8
27	en	4 cheese	Cream, mozzarella, masdam, gorgonzola and parmesan	7
28	en	Ham & mushrooms	Tomato, mozzarella, ham and champignons	6
29	en	With mushrooms	Cream, mozzarella, porcini mushrooms and potato	5
30	en	Salami	Tomato, mozzarella, salami	4
31	en	Margherita	Tomato, mozzarella	3
1	ru	-		2
32	en	Coca-cola	Lemonade	2
33	ru	Sprite		18
34	en	Sprite	Lemonade	18
35	ru	Fanta		19
36	en	Fanta	Lemonade	19
37	ru	  "NESTEA" ()	  	20
38	en	Cold tea "Nestea" (black)	Tea	20
39	ru	  "NESTEA" ()		21
40	en	Cold tea "Nestea" (green)	Tea	21
42	en	Water "Acqua Dolomia"	Water in a non-carbonated plastic bottle	22
41	ru	 "Aqua dolomia" ()	    	22
43	ru	 "Aqua dolomia" ()	    	23
44	en	Water "Aqua dolomia" (carbonated)	Water in a plastic carbonated bottle	23
\.


--
-- Name: catalog_product_translation_id_seq; Type: SEQUENCE SET; Schema: public; Owner: postgres
--

SELECT pg_catalog.setval('catalog_product_translation_id_seq', 44, true);


--
-- Data for Name: catalog_productprice; Type: TABLE DATA; Schema: public; Owner: postgres
--

COPY catalog_productprice (id, created_at, updated_at, price, "position", is_active, product_id) FROM stdin;
40	2017-08-17 16:55:45.870315+00	2017-08-17 16:56:57.201025+00	80.00	1	t	23
41	2017-08-17 16:55:45.874774+00	2017-08-17 16:56:57.204524+00	120.00	2	t	23
37	2017-08-17 16:34:55.539969+00	2017-08-18 11:44:23.229083+00	120.00	1	t	21
29	2017-07-27 12:54:00.317104+00	2017-08-17 05:09:34.439476+00	450.00	1	t	16
30	2017-07-27 12:55:58.219793+00	2017-08-17 05:09:34.442683+00	450.00	1	t	17
36	2017-08-17 16:30:52.870398+00	2017-08-18 11:44:37.263473+00	120.00	1	t	20
27	2017-07-27 12:53:12.929968+00	2017-08-17 11:22:31.197108+00	340.00	1	t	15
28	2017-07-27 12:53:12.932863+00	2017-08-17 11:22:31.203562+00	620.00	2	t	15
25	2017-07-27 12:52:33.081111+00	2017-08-17 11:25:47.618335+00	360.00	1	t	14
26	2017-07-27 12:52:33.083656+00	2017-08-17 11:26:00.121475+00	600.00	2	t	14
23	2017-07-27 12:51:48.905982+00	2017-08-17 11:27:55.037428+00	320.00	1	t	13
24	2017-07-27 12:51:48.911518+00	2017-08-17 11:27:55.043698+00	500.00	2	t	13
21	2017-07-27 12:51:03.128347+00	2017-08-17 11:29:21.374483+00	480.00	1	t	12
22	2017-07-27 12:51:03.132196+00	2017-08-17 11:29:21.379495+00	620.00	2	t	12
19	2017-07-27 12:50:14.703112+00	2017-08-17 11:44:43.294482+00	500.00	1	t	11
20	2017-07-27 12:50:14.705915+00	2017-08-17 11:44:43.298435+00	640.00	2	t	11
17	2017-07-27 12:48:14.596359+00	2017-08-17 11:45:57.334858+00	500.00	1	t	10
18	2017-07-27 12:48:14.599049+00	2017-08-17 11:45:57.33741+00	640.00	2	t	10
15	2017-07-27 12:47:06.320466+00	2017-08-17 11:47:16.4984+00	500.00	1	t	9
16	2017-07-27 12:47:06.324244+00	2017-08-17 11:47:16.502806+00	660.00	2	t	9
13	2017-07-27 12:45:12.152529+00	2017-08-17 11:48:08.2906+00	450.00	1	t	8
14	2017-07-27 12:45:12.155057+00	2017-08-17 11:48:08.294086+00	660.00	2	t	8
11	2017-07-27 12:38:07.174517+00	2017-08-17 11:49:06.014814+00	450.00	1	t	7
12	2017-07-27 12:38:07.177019+00	2017-08-17 11:49:06.01857+00	620.00	2	t	7
9	2017-07-27 12:37:00.450234+00	2017-08-17 11:50:48.017169+00	400.00	1	t	6
10	2017-07-27 12:37:00.454373+00	2017-08-17 11:50:48.020251+00	520.00	2	t	6
7	2017-07-27 12:34:49.479338+00	2017-08-17 11:53:39.921554+00	480.00	1	t	5
8	2017-07-27 12:34:49.482082+00	2017-08-17 11:53:39.924336+00	640.00	2	t	5
5	2017-07-27 12:32:03.143517+00	2017-08-17 11:54:29.223307+00	420.00	1	t	4
6	2017-07-27 12:32:03.146316+00	2017-08-17 11:54:29.226023+00	600.00	2	t	4
3	2017-07-27 12:27:56.499248+00	2017-08-17 11:55:34.510698+00	280.00	1	t	3
4	2017-07-27 12:29:11.614614+00	2017-08-17 11:55:34.514799+00	460.00	2	t	3
2	2017-07-12 08:37:43.41246+00	2017-08-17 13:01:59.187329+00	100.00	1	t	2
31	2017-08-17 12:58:13.778305+00	2017-08-17 13:01:59.190155+00	80.00	2	t	2
32	2017-08-17 13:25:08.706404+00	2017-08-17 13:26:02.713786+00	100.00	1	t	18
33	2017-08-17 13:25:08.712187+00	2017-08-17 13:26:02.718181+00	80.00	2	t	18
34	2017-08-17 13:27:25.926643+00	2017-08-17 13:27:55.601036+00	100.00	1	t	19
35	2017-08-17 13:27:25.940786+00	2017-08-17 13:27:55.60494+00	80.00	2	t	19
38	2017-08-17 16:47:00.125829+00	2017-08-17 16:48:42.956526+00	80.00	1	t	22
39	2017-08-17 16:47:00.130982+00	2017-08-17 16:48:42.960489+00	120.00	2	t	22
\.


--
-- Name: catalog_productprice_id_seq; Type: SEQUENCE SET; Schema: public; Owner: postgres
--

SELECT pg_catalog.setval('catalog_productprice_id_seq', 41, true);


--
-- Data for Name: catalog_productprice_translation; Type: TABLE DATA; Schema: public; Owner: postgres
--

COPY catalog_productprice_translation (id, language_code, name, short_name, master_id) FROM stdin;
2	ru	33 	33	3
3	ru	45 	45	4
4	ru	33 	33	5
5	ru	45 	45	6
6	ru	33 	33	7
7	ru	45 	45	8
8	ru	33 	33	9
9	ru	45 	45	10
10	ru	33 	33	11
11	ru	45 	45	12
12	ru	33 	33	13
13	ru	45 	45	14
14	ru	33 	33	15
15	ru	45 	45	16
16	ru	33 	33	17
17	ru	45 	45	18
18	ru	33 	33	19
19	ru	45 	45	20
20	ru	33 	33	21
21	ru	45 	45	22
22	ru	33 	33	23
23	ru	45 	45	24
24	ru	33 	33	25
25	ru	45 	45	26
26	ru	33 	33	27
27	ru	45 	45	28
28	ru			29
29	ru			30
30	en	33 cm	33	27
31	en	45 cm	45	28
32	en	33 CM	CM	25
33	en	45 CM	CM	26
34	en	33 CM	33	23
35	en	45 CM	45	24
36	en	33 CM	33	21
37	en	45 CM	45	22
38	en	33 CM	33	19
39	en	45 CM	45	20
40	en	33 CM	33	17
41	en	45 CM	45	18
42	en	33 CM	33	15
43	en	45 CM	45	16
44	en	33 CM	33	13
45	en	45 CM	45	14
46	en	33 CM	33	11
47	en	45 CM	45	12
48	en	33 CM	33	9
49	en	45 CM	45	10
50	en	33 CM	33	7
51	en	45 CM	45	8
52	en	33 CM	33	5
53	en	45 CM	45	6
54	en	33 CM	33	3
55	en	45 CM	45	4
1	ru	0,5	0,5	2
56	ru	0,33	0,33	31
57	en	0,5L	0,5	2
58	en	0,33L	0,33	31
59	ru	0,5	0,5	32
60	ru	0,33	0,33	33
61	en	0,5L	0,5	32
62	en	0,33L	0,33	33
63	ru	0,5	0,5	34
64	ru	0,33	0,33	35
65	en	0,5L	0,5	34
66	en	0,33L	0,33	35
68	en	0,5L	0,5	36
70	en	0,5L	0,5	37
73	en	0,33L	0,33	38
74	en	0,5L	0,5	39
71	ru	0,33	0,33	38
72	ru	0,5	0,5	39
75	ru	0,33	0,33	40
76	ru	0,5	0,5	41
77	en	0,33L	0,33	40
78	en	0,5L	0,5	41
69	ru	0,5 ()	0,5	37
67	ru	0,5 ()	0,5	36
\.


--
-- Name: catalog_productprice_translation_id_seq; Type: SEQUENCE SET; Schema: public; Owner: postgres
--

SELECT pg_catalog.setval('catalog_productprice_translation_id_seq', 78, true);


--
-- Data for Name: celery_taskmeta; Type: TABLE DATA; Schema: public; Owner: postgres
--

COPY celery_taskmeta (id, task_id, status, result, date_done, traceback, hidden, meta) FROM stdin;
\.


--
-- Name: celery_taskmeta_id_seq; Type: SEQUENCE SET; Schema: public; Owner: postgres
--

SELECT pg_catalog.setval('celery_taskmeta_id_seq', 1, false);


--
-- Data for Name: celery_tasksetmeta; Type: TABLE DATA; Schema: public; Owner: postgres
--

COPY celery_tasksetmeta (id, taskset_id, result, date_done, hidden) FROM stdin;
\.


--
-- Name: celery_tasksetmeta_id_seq; Type: SEQUENCE SET; Schema: public; Owner: postgres
--

SELECT pg_catalog.setval('celery_tasksetmeta_id_seq', 1, false);


--
-- Data for Name: core_action; Type: TABLE DATA; Schema: public; Owner: postgres
--

COPY core_action (id, created_at, updated_at, active_from, active_until, picture) FROM stdin;
1	2017-07-10 18:37:26.538806+00	2017-08-17 05:11:16.936648+00	2017-07-04 18:37:07+00	2017-07-09 18:37:14+00	act-back1.png
2	2017-07-10 18:37:38.318752+00	2017-08-17 05:11:16.945309+00	2017-07-10 18:37:29+00	2017-07-19 18:37:30+00	act-back2.png
3	2017-07-10 18:39:22.657083+00	2017-08-17 05:11:16.953961+00	2017-07-09 18:38:59+00	2017-07-10 18:39:00+00	act-back3.png
\.


--
-- Name: core_action_id_seq; Type: SEQUENCE SET; Schema: public; Owner: postgres
--

SELECT pg_catalog.setval('core_action_id_seq', 3, true);


--
-- Data for Name: core_action_translation; Type: TABLE DATA; Schema: public; Owner: postgres
--

COPY core_action_translation (id, language_code, title, text, master_id) FROM stdin;
1	ru	5          .  !   13:00!	N	1
2	ru	5          .  !   13:00!		2
3	ru	PIZZA RAILY		3
\.


--
-- Name: core_action_translation_id_seq; Type: SEQUENCE SET; Schema: public; Owner: postgres
--

SELECT pg_catalog.setval('core_action_translation_id_seq', 3, true);


--
-- Data for Name: core_availablestreet; Type: TABLE DATA; Schema: public; Owner: postgres
--

COPY core_availablestreet (id, created_at, updated_at, keywords) FROM stdin;
1	2017-08-17 13:47:54.887+00	2017-08-18 14:24:22.929589+00	
2	2017-08-17 13:52:22.528+00	2017-08-18 14:24:22.934693+00	
3	2017-08-17 13:52:25.822+00	2017-08-18 14:24:22.938299+00	
4	2017-08-17 13:52:31.546+00	2017-08-18 14:24:22.941937+00	 
5	2017-08-17 14:22:32.495+00	2017-08-18 14:24:22.946024+00	
6	2017-08-17 14:22:32.556+00	2017-08-18 14:24:22.949217+00	
7	2017-08-17 14:22:32.615+00	2017-08-18 14:24:22.952453+00	
8	2017-08-17 14:22:32.692+00	2017-08-18 14:24:22.955401+00	 
9	2017-08-17 14:22:32.767+00	2017-08-18 14:24:22.95829+00	
10	2017-08-17 14:22:32.835+00	2017-08-18 14:24:22.961706+00	 
11	2017-08-17 14:22:32.902+00	2017-08-18 14:24:22.965551+00	
12	2017-08-17 14:22:32.953+00	2017-08-18 14:24:22.968785+00	
13	2017-08-17 14:22:33.004+00	2017-08-18 14:24:22.972341+00	
14	2017-08-17 14:22:33.056+00	2017-08-18 14:24:22.97561+00	
15	2017-08-17 14:22:33.098+00	2017-08-18 14:24:22.979227+00	  
16	2017-08-17 14:22:33.149+00	2017-08-18 14:24:22.984306+00	
17	2017-08-17 14:22:33.2+00	2017-08-18 14:24:22.9874+00	
18	2017-08-17 14:22:33.25+00	2017-08-18 14:24:22.990353+00	
19	2017-08-17 14:22:33.301+00	2017-08-18 14:24:22.994715+00	
20	2017-08-17 14:22:33.352+00	2017-08-18 14:24:22.997611+00	 
21	2017-08-17 14:22:33.403+00	2017-08-18 14:24:23.000469+00	
22	2017-08-17 14:22:33.462+00	2017-08-18 14:24:23.00345+00	 
23	2017-08-17 14:22:33.512+00	2017-08-18 14:24:23.006366+00	
24	2017-08-17 14:22:33.555+00	2017-08-18 14:24:23.010343+00	 
25	2017-08-17 14:22:33.598+00	2017-08-18 14:24:23.014085+00	
26	2017-08-17 14:22:33.649+00	2017-08-18 14:24:23.016929+00	 
27	2017-08-17 14:22:33.7+00	2017-08-18 14:24:23.019899+00	
28	2017-08-17 14:22:33.751+00	2017-08-18 14:24:23.023489+00	
29	2017-08-17 14:22:33.802+00	2017-08-18 14:24:23.026589+00	
30	2017-08-17 14:22:33.852+00	2017-08-18 14:24:23.029749+00	
31	2017-08-17 14:22:33.903+00	2017-08-18 14:24:23.032978+00	
32	2017-08-17 14:22:33.962+00	2017-08-18 14:24:23.036269+00	 
33	2017-08-17 14:22:34.005+00	2017-08-18 14:24:23.039398+00	 
34	2017-08-17 14:22:34.047+00	2017-08-18 14:24:23.0431+00	 
35	2017-08-17 14:22:34.089+00	2017-08-18 14:24:23.046433+00	 
36	2017-08-17 14:22:34.141+00	2017-08-18 14:24:23.049445+00	 
37	2017-08-17 14:22:34.192+00	2017-08-18 14:24:23.052766+00	 
38	2017-08-17 14:22:34.251+00	2017-08-18 14:24:23.05625+00	
39	2017-08-17 14:22:34.302+00	2017-08-18 14:24:23.059571+00	
40	2017-08-17 14:22:34.353+00	2017-08-18 14:24:23.063102+00	
41	2017-08-17 14:22:34.403+00	2017-08-18 14:24:23.066641+00	 
42	2017-08-17 14:22:34.454+00	2017-08-18 14:24:23.069857+00	
43	2017-08-17 14:22:34.497+00	2017-08-18 14:24:23.073198+00	
44	2017-08-17 14:22:34.539+00	2017-08-18 14:24:23.076236+00	
45	2017-08-17 14:22:34.581+00	2017-08-18 14:24:23.079149+00	
46	2017-08-17 14:22:34.632+00	2017-08-18 14:24:23.082171+00	
47	2017-08-17 14:22:34.684+00	2017-08-18 14:24:23.085097+00	
48	2017-08-17 14:22:34.735+00	2017-08-18 14:24:23.088395+00	
49	2017-08-17 14:22:34.786+00	2017-08-18 14:24:23.092011+00	
50	2017-08-17 14:22:34.837+00	2017-08-18 14:24:23.09506+00	
51	2017-08-17 14:22:34.887+00	2017-08-18 14:24:23.098083+00	
52	2017-08-17 14:22:34.938+00	2017-08-18 14:24:23.100961+00	
53	2017-08-17 14:22:34.98+00	2017-08-18 14:24:23.104247+00	
54	2017-08-17 14:22:35.023+00	2017-08-18 14:24:23.107777+00	
55	2017-08-17 14:22:35.065+00	2017-08-18 14:24:23.113283+00	
56	2017-08-17 14:22:35.116+00	2017-08-18 14:24:23.11774+00	 
57	2017-08-17 14:22:35.167+00	2017-08-18 14:24:23.120873+00	
58	2017-08-17 14:22:35.22+00	2017-08-18 14:24:23.124817+00	
59	2017-08-17 14:22:35.271+00	2017-08-18 14:24:23.128343+00	
60	2017-08-17 14:22:35.313+00	2017-08-18 14:24:23.131604+00	
61	2017-08-17 14:22:35.356+00	2017-08-18 14:24:23.134575+00	
62	2017-08-17 14:22:35.406+00	2017-08-18 14:24:23.137508+00	
63	2017-08-17 14:22:35.457+00	2017-08-18 14:24:23.140461+00	
64	2017-08-17 14:22:35.508+00	2017-08-18 14:24:23.143632+00	 
65	2017-08-17 14:22:35.558+00	2017-08-18 14:24:23.146668+00	
66	2017-08-17 14:22:35.609+00	2017-08-18 14:24:23.152318+00	
67	2017-08-17 14:22:35.66+00	2017-08-18 14:24:23.156958+00	
68	2017-08-17 14:22:35.711+00	2017-08-18 14:24:23.160201+00	
69	2017-08-17 14:22:35.761+00	2017-08-18 14:24:23.163332+00	
70	2017-08-17 14:22:35.813+00	2017-08-18 14:24:23.166485+00	
71	2017-08-17 14:22:35.856+00	2017-08-18 14:24:23.169372+00	
72	2017-08-17 14:22:35.915+00	2017-08-18 14:24:23.172224+00	
73	2017-08-17 14:22:35.966+00	2017-08-18 14:24:23.175942+00	
74	2017-08-17 14:22:36.016+00	2017-08-18 14:24:23.179533+00	65  
75	2017-08-17 14:22:36.067+00	2017-08-18 14:24:23.186695+00	
76	2017-08-17 14:22:36.118+00	2017-08-18 14:24:23.190152+00	
78	2017-08-17 14:22:36.219+00	2017-08-18 14:24:23.193081+00	
77	2017-08-17 14:22:36.169+00	2017-08-18 14:24:23.19584+00	  Olimpiyskiy plyazh
\.


--
-- Name: core_availablestreet_id_seq; Type: SEQUENCE SET; Schema: public; Owner: postgres
--

SELECT pg_catalog.setval('core_availablestreet_id_seq', 78, true);


--
-- Data for Name: core_availablestreet_translation; Type: TABLE DATA; Schema: public; Owner: postgres
--

COPY core_availablestreet_translation (id, language_code, name, master_id) FROM stdin;
1	ru		1
2	ru		2
3	ru		3
4	ru	 	4
5	ru		5
6	ru		6
7	ru		7
8	ru	 	8
9	ru		9
10	ru	 	10
11	ru		11
12	ru		12
13	ru		13
14	ru		14
15	ru	  	15
16	ru		16
17	ru		17
18	ru		18
19	ru		19
20	ru	 	20
21	ru		21
22	ru	 	22
23	ru		23
24	ru	 	24
25	ru		25
26	ru	 	26
27	ru		27
28	ru		28
29	ru		29
30	ru		30
31	ru		31
32	ru	 	32
33	ru	 	33
34	ru	 	34
35	ru	 	35
36	ru	 	36
37	ru	 	37
38	ru		38
39	ru		39
40	ru		40
41	ru	 	41
42	ru		42
43	ru		43
44	ru		44
45	ru		45
46	ru		46
47	ru		47
48	ru		48
49	ru		49
50	ru		50
51	ru		51
52	ru		52
53	ru		53
54	ru		54
55	ru		55
56	ru	 	56
57	ru		57
58	ru		58
59	ru		59
60	ru		60
61	ru		61
62	ru		62
63	ru		63
64	ru	 	64
65	ru		65
66	ru		66
67	ru		67
68	ru		68
69	ru		69
70	ru		70
71	ru		71
72	ru		72
73	ru		73
74	ru	65  	74
75	ru		75
76	ru		76
77	ru	 	77
78	ru		78
79	en	Olimpiyskiy plyazh	77
\.


--
-- Name: core_availablestreet_translation_id_seq; Type: SEQUENCE SET; Schema: public; Owner: postgres
--

SELECT pg_catalog.setval('core_availablestreet_translation_id_seq', 79, true);


--
-- Data for Name: core_siteconfiguration; Type: TABLE DATA; Schema: public; Owner: postgres
--

COPY core_siteconfiguration (id, title, phone, email, order_timeout, schedule, metric_code, arena_allowed, work_day_ended_at, work_day_started_at, order_phone_notification, notification_is_enabled) FROM stdin;
1	Pizza Rally	+7 (862) 258-33-88	gelatoamato@gmail.com	40	Mo - Su: 10:0021:00	<!-- Yandex.Metrika counter --> <script type="text/javascript" > (function (d, w, c) { (w[c] = w[c] || []).push(function() { try { w.yaCounter45550749 = new Ya.Metrika({ id:45550749, clickmap:true, trackLinks:true, accurateTrackBounce:true, webvisor:true, ut:"noindex" }); } catch(e) { } }); var n = d.getElementsByTagName("script")[0], s = d.createElement("script"), f = function () { n.parentNode.insertBefore(s, n); }; s.type = "text/javascript"; s.async = true; s.src = "https://mc.yandex.ru/metrika/watch.js"; if (w.opera == "[object Opera]") { d.addEventListener("DOMContentLoaded", f, false); } else { f(); } })(document, window, "yandex_metrika_callbacks"); </script> <noscript><div><img src="https://mc.yandex.ru/watch/45550749?ut=noindex" style="position:absolute; left:-9999px;" alt="" /></div></noscript> <!-- /Yandex.Metrika counter -->	f	21:00:00	10:00:00	+79996577330	t
\.


--
-- Name: core_siteconfiguration_id_seq; Type: SEQUENCE SET; Schema: public; Owner: postgres
--

SELECT pg_catalog.setval('core_siteconfiguration_id_seq', 1, false);


--
-- Data for Name: core_siteconfiguration_translation; Type: TABLE DATA; Schema: public; Owner: postgres
--

COPY core_siteconfiguration_translation (id, language_code, address, master_id, address_comment) FROM stdin;
1	ru	. ,  ,   	1	   
2	en	Sochi, Olympic Park, building the main tribune	1	Delivery to the Olympic Park
\.


--
-- Name: core_siteconfiguration_translation_id_seq; Type: SEQUENCE SET; Schema: public; Owner: postgres
--

SELECT pg_catalog.setval('core_siteconfiguration_translation_id_seq', 2, true);


--
-- Data for Name: core_sliderimage; Type: TABLE DATA; Schema: public; Owner: postgres
--

COPY core_sliderimage (id, image, "position", config_id) FROM stdin;
3	slider/052bb1f2-c852-491e-8303-0b036706149f.jpg	1	1
4	slider/c1738bf2-6ae8-4707-bb57-ad47139ad3a3.jpg	2	1
\.


--
-- Name: core_sliderimage_id_seq; Type: SEQUENCE SET; Schema: public; Owner: postgres
--

SELECT pg_catalog.setval('core_sliderimage_id_seq', 4, true);


--
-- Data for Name: core_smstemplate; Type: TABLE DATA; Schema: public; Owner: postgres
--

COPY core_smstemplate (id, slug, text, config_id) FROM stdin;
1	registration	Thank you for registering: {{ password }}	1
2	recover	Your new password: {{ password }}	1
3	order_notification	Noviy zakaz: {{ order.id }}\r\nName: {{ order.address.username }} {{ order.address.phone }}\r\nTip dostavky: {{ order.address.get_delivery_type_display }}\r\nOplata: {{ order.get_payment_type_display }}{% if order.comment %}\r\nComment: {{ order.comment }}{% endif %}{% if order.address.delivery_type == "DELIVERY" %}{% if order.address.address_type == "ADDRESS" %}\r\nUlitsa: {{ order.address.street}}\r\nHouse: {{ order.address.house }}{% if order.address.landmark %}\r\nOrientir: {{ order.address.landmark }} {% endif %}{% else %}\r\nStadion: {{ order.address.arena }}\r\nTribune: {{ order.address.tribune }}\r\nRyad {{ order.address.row_number }}\r\nMesto {{ order.address.col_number }}{% endif %}{% else %}{% endif %}\r\n----{% for item in order.cart.items.all %}\r\n{{ forloop.counter }}. {{ item }}{% endfor %}	1
\.


--
-- Name: core_smstemplate_id_seq; Type: SEQUENCE SET; Schema: public; Owner: postgres
--

SELECT pg_catalog.setval('core_smstemplate_id_seq', 3, true);


--
-- Data for Name: core_sociallink; Type: TABLE DATA; Schema: public; Owner: postgres
--

COPY core_sociallink (id, name, icon, icon_alt, url, "position", config_id) FROM stdin;
1	Instagram	social/2258344b-8433-410b-9aac-6597cd35b427.png	Pizza Rally - instagram	https://www.instagram.com/pizza.rally/	0	1
\.


--
-- Name: core_sociallink_id_seq; Type: SEQUENCE SET; Schema: public; Owner: postgres
--

SELECT pg_catalog.setval('core_sociallink_id_seq', 2, true);


--
-- Data for Name: django_admin_log; Type: TABLE DATA; Schema: public; Owner: postgres
--

COPY django_admin_log (id, action_time, object_id, object_repr, action_flag, change_message, content_type_id, user_id) FROM stdin;
1	2017-07-06 12:58:16.672422+00	1	Site config	2	[{"changed": {"fields": ["title", "address", "phone", "email"]}}, {"added": {"object": "Instagram", "name": "social link"}}, {"added": {"object": "Vkontakte", "name": "social link"}}]	9	38d09070-ad5a-44d6-87be-c53a4993f6c7
2	2017-07-06 12:59:46.180972+00	1	Site config	2	[{"deleted": {"object": "Vkontakte", "name": "social link"}}]	9	38d09070-ad5a-44d6-87be-c53a4993f6c7
3	2017-07-06 13:02:19.120766+00	1	Site config	2	[]	9	38d09070-ad5a-44d6-87be-c53a4993f6c7
4	2017-07-06 14:35:34.843423+00	1	Site config	2	[{"changed": {"fields": ["address_comment"]}}]	9	7a2a5815-5de9-4f34-9c7a-53926e1bcb32
5	2017-07-08 10:59:34.832072+00	1	Site config	2	[{"changed": {"fields": ["schedule"]}}]	9	7a2a5815-5de9-4f34-9c7a-53926e1bcb32
6	2017-07-09 17:27:38.215069+00	1	Site config	2	[{"added": {"object": "SMSTemplate object", "name": "sms template"}}]	9	7a2a5815-5de9-4f34-9c7a-53926e1bcb32
7	2017-07-09 18:11:07.34541+00	1		1	[{"added": {}}]	16	7a2a5815-5de9-4f34-9c7a-53926e1bcb32
8	2017-07-09 18:11:35.364309+00	1		1	[{"added": {}}, {"added": {"object": "ProductPrice object", "name": "price"}}, {"added": {"object": "Image object", "name": "image"}}]	18	7a2a5815-5de9-4f34-9c7a-53926e1bcb32
9	2017-07-09 18:11:42.247531+00	1		2	[{"changed": {"fields": ["is_active"]}}]	18	7a2a5815-5de9-4f34-9c7a-53926e1bcb32
10	2017-07-10 18:37:26.554608+00	1	5          .  !   13:00!	1	[{"added": {}}]	33	7a2a5815-5de9-4f34-9c7a-53926e1bcb32
11	2017-07-10 18:37:38.33116+00	2	5          .  !   13:00!	1	[{"added": {}}]	33	7a2a5815-5de9-4f34-9c7a-53926e1bcb32
12	2017-07-10 18:39:22.668901+00	3	PIZZA RAILY	1	[{"added": {}}]	33	7a2a5815-5de9-4f34-9c7a-53926e1bcb32
13	2017-07-10 18:39:42.842077+00	2	5          .  !   13:00!	2	[{"changed": {"fields": ["active_until"]}}]	33	7a2a5815-5de9-4f34-9c7a-53926e1bcb32
14	2017-07-12 08:34:44.078022+00	2		1	[{"added": {}}]	16	7a2a5815-5de9-4f34-9c7a-53926e1bcb32
15	2017-07-12 08:34:59.25947+00	3		1	[{"added": {}}]	16	7a2a5815-5de9-4f34-9c7a-53926e1bcb32
16	2017-07-12 08:35:22.120758+00	4	/	1	[{"added": {}}]	16	7a2a5815-5de9-4f34-9c7a-53926e1bcb32
17	2017-07-12 08:37:43.423931+00	2		1	[{"added": {}}, {"added": {"name": "price", "object": "ProductPrice object"}}, {"added": {"name": "image", "object": "Image object"}}]	18	7a2a5815-5de9-4f34-9c7a-53926e1bcb32
18	2017-07-12 08:38:08.963244+00	1		2	[]	18	7a2a5815-5de9-4f34-9c7a-53926e1bcb32
19	2017-07-12 08:40:26.338177+00	2	-	2	[{"changed": {"fields": ["name"]}}]	18	7a2a5815-5de9-4f34-9c7a-53926e1bcb32
20	2017-07-16 18:22:46.008978+00	1		1	[{"added": {}}]	15	7a2a5815-5de9-4f34-9c7a-53926e1bcb32
21	2017-07-16 18:22:59.678849+00	2	-	2	[{"changed": {"fields": ["action"]}}]	18	7a2a5815-5de9-4f34-9c7a-53926e1bcb32
22	2017-07-16 18:24:22.476566+00	2		1	[{"added": {}}]	15	7a2a5815-5de9-4f34-9c7a-53926e1bcb32
23	2017-07-16 18:25:07.161301+00	2	-	2	[{"changed": {"fields": ["action"]}}]	18	7a2a5815-5de9-4f34-9c7a-53926e1bcb32
24	2017-07-16 18:25:31.243132+00	2		2	[{"changed": {"fields": ["icon"]}}]	15	7a2a5815-5de9-4f34-9c7a-53926e1bcb32
25	2017-07-16 18:26:12.596469+00	3		1	[{"added": {}}]	15	7a2a5815-5de9-4f34-9c7a-53926e1bcb32
26	2017-07-16 18:26:20.322217+00	2	-	2	[{"changed": {"fields": ["action"]}}]	18	7a2a5815-5de9-4f34-9c7a-53926e1bcb32
27	2017-07-16 18:26:44.700672+00	3		2	[{"changed": {"fields": ["icon"]}}]	15	7a2a5815-5de9-4f34-9c7a-53926e1bcb32
28	2017-07-16 18:27:02.687217+00	2	-	2	[{"changed": {"fields": ["action"]}}]	18	7a2a5815-5de9-4f34-9c7a-53926e1bcb32
29	2017-07-16 18:27:13.901032+00	1		2	[{"changed": {"fields": ["action"]}}]	18	7a2a5815-5de9-4f34-9c7a-53926e1bcb32
30	2017-07-16 18:27:23.554768+00	3	!	2	[{"changed": {"fields": ["name"]}}]	15	7a2a5815-5de9-4f34-9c7a-53926e1bcb32
31	2017-07-16 18:27:30.429731+00	2	!	2	[{"changed": {"fields": ["name"]}}]	15	7a2a5815-5de9-4f34-9c7a-53926e1bcb32
32	2017-07-16 18:27:35.350232+00	1	!	2	[{"changed": {"fields": ["name"]}}]	15	7a2a5815-5de9-4f34-9c7a-53926e1bcb32
33	2017-07-26 19:31:55.852051+00	1	Site config	2	[{"added": {"name": "sms template", "object": "SMSTemplate object"}}]	9	7a2a5815-5de9-4f34-9c7a-53926e1bcb32
34	2017-07-27 12:27:56.517256+00	3		1	[{"added": {}}, {"added": {"name": "price", "object": "20 \\u0421\\u041c: 280"}}, {"added": {"name": "image", "object": "Image object"}}]	18	7a2a5815-5de9-4f34-9c7a-53926e1bcb32
35	2017-07-27 12:29:11.618956+00	3		2	[{"added": {"name": "price", "object": "45 \\u0421\\u041c: 460"}}, {"changed": {"name": "price", "object": "33 \\u0421\\u041c: 280.00", "fields": ["name", "short_name"]}}]	18	7a2a5815-5de9-4f34-9c7a-53926e1bcb32
36	2017-07-27 12:30:33.840933+00	3		2	[{"changed": {"fields": ["action"]}}]	18	7a2a5815-5de9-4f34-9c7a-53926e1bcb32
37	2017-07-27 12:32:03.158564+00	4		1	[{"added": {}}, {"added": {"name": "price", "object": "33 \\u0421\\u041c: 420"}}, {"added": {"name": "price", "object": "45 \\u0421\\u041c: 600"}}, {"added": {"name": "image", "object": "Image object"}}]	18	7a2a5815-5de9-4f34-9c7a-53926e1bcb32
38	2017-07-27 12:32:59.527769+00	1		3		18	7a2a5815-5de9-4f34-9c7a-53926e1bcb32
39	2017-07-27 12:34:49.49262+00	5	  	1	[{"added": {}}, {"added": {"name": "price", "object": "33 \\u0421\\u041c: 480"}}, {"added": {"name": "price", "object": "45 \\u0421\\u041c: 640"}}, {"added": {"name": "image", "object": "Image object"}}]	18	7a2a5815-5de9-4f34-9c7a-53926e1bcb32
40	2017-07-27 12:37:00.472595+00	6	 / 	1	[{"added": {}}, {"added": {"name": "price", "object": "33 \\u0421\\u041c: 400"}}, {"added": {"name": "price", "object": "45 \\u0421\\u041c: 520"}}, {"added": {"name": "image", "object": "Image object"}}]	18	7a2a5815-5de9-4f34-9c7a-53926e1bcb32
41	2017-07-27 12:38:07.187265+00	7	4 	1	[{"added": {}}, {"added": {"name": "price", "object": "33 \\u0421\\u041c: 450"}}, {"added": {"name": "price", "object": "45 \\u0421\\u041c: 620"}}, {"added": {"name": "image", "object": "Image object"}}]	18	7a2a5815-5de9-4f34-9c7a-53926e1bcb32
42	2017-07-27 12:45:12.165059+00	8	 	1	[{"added": {}}, {"added": {"name": "price", "object": "33 \\u0421\\u041c: 450"}}, {"added": {"name": "price", "object": "45 \\u0421\\u041c: 660"}}, {"added": {"name": "image", "object": "Image object"}}]	18	7a2a5815-5de9-4f34-9c7a-53926e1bcb32
43	2017-07-27 12:47:06.337532+00	9	RALLY	1	[{"added": {}}, {"added": {"name": "price", "object": "33 \\u0421\\u041c: 500"}}, {"added": {"name": "price", "object": "45 \\u0421\\u041c: 660"}}, {"added": {"name": "image", "object": "Image object"}}]	18	7a2a5815-5de9-4f34-9c7a-53926e1bcb32
44	2017-07-27 12:48:14.60926+00	10		1	[{"added": {}}, {"added": {"name": "price", "object": "33 \\u0421\\u041c: 500"}}, {"added": {"name": "price", "object": "45 \\u0421\\u041c: 640"}}, {"added": {"name": "image", "object": "Image object"}}]	18	7a2a5815-5de9-4f34-9c7a-53926e1bcb32
45	2017-07-27 12:50:14.716217+00	11	 / 	1	[{"added": {}}, {"added": {"name": "price", "object": "33 \\u0421\\u041c: 500"}}, {"added": {"name": "price", "object": "45 \\u0421\\u041c: 640"}}, {"added": {"name": "image", "object": "Image object"}}]	18	7a2a5815-5de9-4f34-9c7a-53926e1bcb32
46	2017-07-27 12:51:03.146769+00	12		1	[{"added": {}}, {"added": {"name": "price", "object": "33 \\u0421\\u041c: 480"}}, {"added": {"name": "price", "object": "45 \\u0421\\u041c: 620"}}, {"added": {"name": "image", "object": "Image object"}}]	18	7a2a5815-5de9-4f34-9c7a-53926e1bcb32
47	2017-07-27 12:51:48.942757+00	13		1	[{"added": {}}, {"added": {"name": "price", "object": "33 \\u0421\\u041c: 320"}}, {"added": {"name": "price", "object": "45 \\u0421\\u041c: 500"}}, {"added": {"name": "image", "object": "Image object"}}]	18	7a2a5815-5de9-4f34-9c7a-53926e1bcb32
48	2017-07-27 12:52:33.093491+00	14		1	[{"added": {}}, {"added": {"name": "price", "object": "33 \\u0421\\u041c: 360"}}, {"added": {"name": "price", "object": "45 \\u0421\\u041c: 600"}}, {"added": {"name": "image", "object": "Image object"}}]	18	7a2a5815-5de9-4f34-9c7a-53926e1bcb32
49	2017-07-27 12:53:12.943618+00	15	 / 	1	[{"added": {}}, {"added": {"name": "price", "object": "33 \\u0421\\u041c: 340"}}, {"added": {"name": "price", "object": "45 \\u0421\\u041c: 620"}}, {"added": {"name": "image", "object": "Image object"}}]	18	7a2a5815-5de9-4f34-9c7a-53926e1bcb32
50	2017-07-27 12:54:00.325285+00	16	:  / 	1	[{"added": {}}, {"added": {"name": "price", "object": "-: 450"}}, {"added": {"name": "image", "object": "Image object"}}]	18	7a2a5815-5de9-4f34-9c7a-53926e1bcb32
51	2017-07-27 12:55:58.231483+00	17	:  / 	1	[{"added": {}}, {"added": {"name": "price", "object": "-: 450"}}, {"added": {"name": "image", "object": "Image object"}}]	18	7a2a5815-5de9-4f34-9c7a-53926e1bcb32
52	2017-07-29 18:54:00.348201+00	1	managers	1	[{"added": {}}]	2	7a2a5815-5de9-4f34-9c7a-53926e1bcb32
53	2017-07-29 18:54:34.534561+00	ebfd6f9f-e24a-42d1-be61-e12e4ecf77d5		2	[{"changed": {"fields": ["is_staff"]}}]	12	7a2a5815-5de9-4f34-9c7a-53926e1bcb32
54	2017-07-29 18:55:11.955617+00	ebfd6f9f-e24a-42d1-be61-e12e4ecf77d5		2	[{"changed": {"fields": ["password"]}}]	12	7a2a5815-5de9-4f34-9c7a-53926e1bcb32
55	2017-07-29 19:13:06.957603+00	ebfd6f9f-e24a-42d1-be61-e12e4ecf77d5		2	[]	12	7a2a5815-5de9-4f34-9c7a-53926e1bcb32
56	2017-07-29 19:13:52.50151+00	ebfd6f9f-e24a-42d1-be61-e12e4ecf77d5		2	[{"changed": {"fields": ["last_login"]}}]	12	7a2a5815-5de9-4f34-9c7a-53926e1bcb32
57	2017-07-29 19:14:03.761116+00	ebfd6f9f-e24a-42d1-be61-e12e4ecf77d5		2	[]	12	7a2a5815-5de9-4f34-9c7a-53926e1bcb32
58	2017-08-07 16:03:15.961808+00	17	:  / 	2	[{"changed": {"name": "image", "object": "Image object", "fields": ["image"]}}]	18	7a2a5815-5de9-4f34-9c7a-53926e1bcb32
59	2017-08-07 16:04:49.006632+00	2	-	2	[{"changed": {"name": "image", "object": "Image object", "fields": ["image"]}}]	18	7a2a5815-5de9-4f34-9c7a-53926e1bcb32
60	2017-08-07 16:06:13.493045+00	3		2	[{"changed": {"name": "image", "object": "Image object", "fields": ["image"]}}]	18	7a2a5815-5de9-4f34-9c7a-53926e1bcb32
61	2017-08-07 16:07:20.841047+00	4		2	[{"changed": {"name": "image", "object": "Image object", "fields": ["image"]}}]	18	7a2a5815-5de9-4f34-9c7a-53926e1bcb32
62	2017-08-07 16:07:47.265337+00	5	  	2	[{"changed": {"name": "image", "object": "Image object", "fields": ["image"]}}]	18	7a2a5815-5de9-4f34-9c7a-53926e1bcb32
63	2017-08-07 16:08:44.815569+00	6	 / 	2	[{"changed": {"name": "image", "object": "Image object", "fields": ["image"]}}]	18	7a2a5815-5de9-4f34-9c7a-53926e1bcb32
64	2017-08-07 16:11:35.049638+00	8	 	2	[{"changed": {"name": "image", "object": "Image object", "fields": ["image"]}}]	18	7a2a5815-5de9-4f34-9c7a-53926e1bcb32
65	2017-08-07 16:12:09.710375+00	7	4 	2	[{"changed": {"name": "image", "object": "Image object", "fields": ["image"]}}]	18	7a2a5815-5de9-4f34-9c7a-53926e1bcb32
66	2017-08-07 16:12:55.447625+00	9	RALLY	2	[{"changed": {"name": "image", "object": "Image object", "fields": ["image"]}}]	18	7a2a5815-5de9-4f34-9c7a-53926e1bcb32
67	2017-08-07 16:14:00.913432+00	10		2	[{"changed": {"name": "image", "object": "Image object", "fields": ["image"]}}]	18	7a2a5815-5de9-4f34-9c7a-53926e1bcb32
68	2017-08-07 16:14:35.405445+00	11	 / 	2	[{"changed": {"name": "image", "object": "Image object", "fields": ["image"]}}]	18	7a2a5815-5de9-4f34-9c7a-53926e1bcb32
69	2017-08-07 16:15:10.376853+00	12		2	[{"changed": {"name": "image", "object": "Image object", "fields": ["image"]}}]	18	7a2a5815-5de9-4f34-9c7a-53926e1bcb32
70	2017-08-07 16:16:03.811587+00	13		2	[{"changed": {"name": "image", "object": "Image object", "fields": ["image"]}}]	18	7a2a5815-5de9-4f34-9c7a-53926e1bcb32
71	2017-08-07 16:16:49.309836+00	14		2	[{"changed": {"name": "image", "object": "Image object", "fields": ["image"]}}]	18	7a2a5815-5de9-4f34-9c7a-53926e1bcb32
72	2017-08-07 16:17:17.812894+00	15	 / 	2	[{"changed": {"name": "image", "object": "Image object", "fields": ["image"]}}]	18	7a2a5815-5de9-4f34-9c7a-53926e1bcb32
73	2017-08-07 16:21:00.349582+00	1	Site config	2	[{"changed": {"fields": ["title", "order_timeout", "metric_code"]}}]	9	7a2a5815-5de9-4f34-9c7a-53926e1bcb32
74	2017-08-07 16:22:42.767459+00	1	Site config	2	[{"changed": {"fields": ["title"]}}]	9	7a2a5815-5de9-4f34-9c7a-53926e1bcb32
75	2017-08-07 18:31:40.5569+00	1	 	2	[{"added": {"object": "SliderImage object", "name": "slider image"}}, {"added": {"object": "SliderImage object", "name": "slider image"}}]	9	7a2a5815-5de9-4f34-9c7a-53926e1bcb32
76	2017-08-07 18:33:10.085055+00	1	 	2	[{"changed": {"object": "SliderImage object", "fields": ["position"], "name": "slider image"}}, {"changed": {"object": "SliderImage object", "fields": ["position"], "name": "slider image"}}]	9	7a2a5815-5de9-4f34-9c7a-53926e1bcb32
77	2017-08-09 11:04:02.443744+00	1f5b01f5-0e02-46dd-bfec-14c029da05b8		2	[{"changed": {"fields": ["is_staff"]}}]	12	7a2a5815-5de9-4f34-9c7a-53926e1bcb32
78	2017-08-09 11:04:11.142765+00	1f5b01f5-0e02-46dd-bfec-14c029da05b8		2	[]	12	7a2a5815-5de9-4f34-9c7a-53926e1bcb32
79	2017-08-09 11:11:12.060956+00	1f5b01f5-0e02-46dd-bfec-14c029da05b8		2	[{"changed": {"fields": ["is_superuser"]}}]	12	7a2a5815-5de9-4f34-9c7a-53926e1bcb32
80	2017-08-09 11:20:03.294397+00	3		2	[{"changed": {"fields": ["old_price"]}}]	18	7a2a5815-5de9-4f34-9c7a-53926e1bcb32
81	2017-08-09 11:20:51.724603+00	3		2	[{"changed": {"fields": ["old_price"]}}]	18	7a2a5815-5de9-4f34-9c7a-53926e1bcb32
82	2017-08-09 14:45:39.569003+00	5d69ed35-645c-43f6-a8f6-b94d013036cc		2	[{"changed": {"fields": ["is_staff", "is_superuser"]}}]	12	7a2a5815-5de9-4f34-9c7a-53926e1bcb32
83	2017-08-14 11:33:15.117312+00	1	 	2	[{"deleted": {"object": "SliderImage object", "name": "slider image"}}, {"deleted": {"object": "SliderImage object", "name": "slider image"}}]	9	7a2a5815-5de9-4f34-9c7a-53926e1bcb32
84	2017-08-14 11:33:44.296412+00	1	 	2	[{"added": {"object": "SliderImage object", "name": "slider image"}}, {"added": {"object": "SliderImage object", "name": "slider image"}}]	9	7a2a5815-5de9-4f34-9c7a-53926e1bcb32
85	2017-08-14 19:59:12.048755+00	1	 	2	[{"changed": {"name": "social link", "fields": ["url"], "object": "Instagram"}}]	9	7a2a5815-5de9-4f34-9c7a-53926e1bcb32
86	2017-08-14 22:12:11.477475+00	38d09070-ad5a-44d6-87be-c53a4993f6c7		2	[{"changed": {"fields": ["phone"]}}]	12	7a2a5815-5de9-4f34-9c7a-53926e1bcb32
87	2017-08-16 12:21:26.496756+00	1	 	2	[{"changed": {"fields": ["schedule"]}}]	9	7a2a5815-5de9-4f34-9c7a-53926e1bcb32
88	2017-08-17 05:12:24.278435+00	1	 	2	[{"changed": {"fields": ["address", "address_comment"]}}]	9	7a2a5815-5de9-4f34-9c7a-53926e1bcb32
89	2017-08-17 05:14:26.669636+00	1	Pizza	2	[{"changed": {"fields": ["name"]}}]	16	7a2a5815-5de9-4f34-9c7a-53926e1bcb32
90	2017-08-17 05:14:43.930232+00	2	Salads	2	[{"changed": {"fields": ["name"]}}]	16	7a2a5815-5de9-4f34-9c7a-53926e1bcb32
91	2017-08-17 05:15:09.620318+00	3	Drinks	2	[{"changed": {"fields": ["name"]}}]	16	7a2a5815-5de9-4f34-9c7a-53926e1bcb32
92	2017-08-17 05:15:51.552455+00	4	Ice cream/Desserts	2	[{"changed": {"fields": ["name"]}}]	16	7a2a5815-5de9-4f34-9c7a-53926e1bcb32
93	2017-08-17 10:06:43.206623+00	1	 	2	[{"changed": {"fields": ["schedule"]}}]	9	7a2a5815-5de9-4f34-9c7a-53926e1bcb32
94	2017-08-17 10:08:35.376571+00	1	 	2	[{"changed": {"fields": ["address", "address_comment"]}}]	9	7a2a5815-5de9-4f34-9c7a-53926e1bcb32
95	2017-08-17 10:09:33.82782+00	1	 	2	[{"changed": {"fields": ["icon_alt"], "object": "Instagram", "name": "social link"}}]	9	7a2a5815-5de9-4f34-9c7a-53926e1bcb32
96	2017-08-17 10:10:18.525055+00	1	 	2	[{"changed": {"fields": ["text"], "object": "registration", "name": "sms template"}}, {"changed": {"fields": ["text"], "object": "recover", "name": "sms template"}}]	9	7a2a5815-5de9-4f34-9c7a-53926e1bcb32
97	2017-08-17 11:15:57.180033+00	17	Calzone	2	[{"changed": {"fields": ["name", "ingredients"]}}]	18	7a2a5815-5de9-4f34-9c7a-53926e1bcb32
98	2017-08-17 11:16:55.840129+00	17	Calzone	2	[]	18	7a2a5815-5de9-4f34-9c7a-53926e1bcb32
99	2017-08-17 11:17:24.856444+00	17	Calzone: chicken and mushrooms	2	[{"changed": {"fields": ["name"]}}]	18	7a2a5815-5de9-4f34-9c7a-53926e1bcb32
100	2017-08-17 11:18:59.302613+00	16	Calzone: ricotta and spinach	2	[{"changed": {"fields": ["name", "ingredients"]}}]	18	7a2a5815-5de9-4f34-9c7a-53926e1bcb32
101	2017-08-17 11:19:14.564164+00	16	Calzone: ricotta and spinach	2	[]	18	7a2a5815-5de9-4f34-9c7a-53926e1bcb32
102	2017-08-17 11:21:41.816366+00	15	Tonno cipolle	2	[{"changed": {"fields": ["name", "ingredients"]}}, {"changed": {"fields": ["name", "short_name"], "object": "cm: 340.00", "name": "price"}}, {"changed": {"fields": ["name", "short_name"], "object": "cm: 620.00", "name": "price"}}]	18	7a2a5815-5de9-4f34-9c7a-53926e1bcb32
103	2017-08-17 11:22:31.212749+00	15	Tonno cipolle	2	[{"changed": {"fields": ["name"], "object": "33 cm: 340.00", "name": "price"}}, {"changed": {"fields": ["name"], "object": "45 cm: 620.00", "name": "price"}}]	18	7a2a5815-5de9-4f34-9c7a-53926e1bcb32
104	2017-08-17 11:25:47.627178+00	14	Vegetarian	2	[{"changed": {"fields": ["name", "ingredients"]}}, {"changed": {"fields": ["name", "short_name"], "object": "33 CM: 360.00", "name": "price"}}, {"changed": {"fields": ["name", "short_name"], "object": "33 CM: 600.00", "name": "price"}}]	18	7a2a5815-5de9-4f34-9c7a-53926e1bcb32
105	2017-08-17 11:26:00.127764+00	14	Vegetarian	2	[{"changed": {"fields": ["name"], "object": "45 CM: 600.00", "name": "price"}}]	18	7a2a5815-5de9-4f34-9c7a-53926e1bcb32
106	2017-08-17 11:26:14.669892+00	14	Vegetarian	2	[]	18	7a2a5815-5de9-4f34-9c7a-53926e1bcb32
107	2017-08-17 11:27:55.053204+00	13	Marinara	2	[{"changed": {"fields": ["name", "ingredients"]}}, {"changed": {"fields": ["name", "short_name"], "object": "33 CM: 320.00", "name": "price"}}, {"changed": {"fields": ["name", "short_name"], "object": "45 CM: 500.00", "name": "price"}}]	18	7a2a5815-5de9-4f34-9c7a-53926e1bcb32
108	2017-08-17 11:29:21.385183+00	12	Caesar	2	[{"changed": {"fields": ["name", "ingredients"]}}, {"changed": {"fields": ["name", "short_name"], "object": "33 CM: 480.00", "name": "price"}}, {"changed": {"fields": ["name", "short_name"], "object": "45 CM: 620.00", "name": "price"}}]	18	7a2a5815-5de9-4f34-9c7a-53926e1bcb32
109	2017-08-17 11:29:27.051104+00	12	Caesar	2	[]	18	7a2a5815-5de9-4f34-9c7a-53926e1bcb32
110	2017-08-17 11:44:43.3037+00	11	With salmon and rocket	2	[{"changed": {"fields": ["name", "ingredients"]}}, {"changed": {"fields": ["name", "short_name"], "object": "33 CM: 500.00", "name": "price"}}, {"changed": {"fields": ["name", "short_name"], "object": "45 CM: 640.00", "name": "price"}}]	18	7a2a5815-5de9-4f34-9c7a-53926e1bcb32
111	2017-08-17 11:45:57.341466+00	10	Capricciosa	2	[{"changed": {"fields": ["name", "ingredients"]}}, {"changed": {"fields": ["name", "short_name"], "object": "33 CM: 500.00", "name": "price"}}, {"changed": {"fields": ["name", "short_name"], "object": "45 CM: 640.00", "name": "price"}}]	18	7a2a5815-5de9-4f34-9c7a-53926e1bcb32
112	2017-08-17 11:47:16.507688+00	9	Rally	2	[{"changed": {"fields": ["name", "ingredients"]}}, {"changed": {"fields": ["name", "short_name"], "object": "33 CM: 500.00", "name": "price"}}, {"changed": {"fields": ["name", "short_name"], "object": "45 CM: 660.00", "name": "price"}}]	18	7a2a5815-5de9-4f34-9c7a-53926e1bcb32
113	2017-08-17 11:48:08.299819+00	8	With shrimps	2	[{"changed": {"fields": ["name", "ingredients"]}}, {"changed": {"fields": ["name", "short_name"], "object": "33 CM: 450.00", "name": "price"}}, {"changed": {"fields": ["name", "short_name"], "object": "45 CM: 660.00", "name": "price"}}]	18	7a2a5815-5de9-4f34-9c7a-53926e1bcb32
114	2017-08-17 11:49:06.025471+00	7	4 cheese	2	[{"changed": {"fields": ["name", "ingredients"]}}, {"changed": {"fields": ["name", "short_name"], "object": "33 CM: 450.00", "name": "price"}}, {"changed": {"fields": ["name", "short_name"], "object": "45 CM: 620.00", "name": "price"}}]	18	7a2a5815-5de9-4f34-9c7a-53926e1bcb32
115	2017-08-17 11:50:48.024453+00	6	Ham & mushrooms	2	[{"changed": {"fields": ["name", "ingredients"]}}, {"changed": {"fields": ["name", "short_name"], "object": "33 CM: 400.00", "name": "price"}}, {"changed": {"fields": ["name", "short_name"], "object": "45 CM: 520.00", "name": "price"}}]	18	7a2a5815-5de9-4f34-9c7a-53926e1bcb32
116	2017-08-17 11:53:39.928658+00	5	With mushrooms	2	[{"changed": {"fields": ["name", "ingredients"]}}, {"changed": {"fields": ["name", "short_name"], "object": "33 CM: 480.00", "name": "price"}}, {"changed": {"fields": ["name", "short_name"], "object": "45 CM: 640.00", "name": "price"}}]	18	7a2a5815-5de9-4f34-9c7a-53926e1bcb32
117	2017-08-17 11:54:29.230269+00	4	Salami	2	[{"changed": {"fields": ["name", "ingredients"]}}, {"changed": {"fields": ["name", "short_name"], "object": "33 CM: 420.00", "name": "price"}}, {"changed": {"fields": ["name", "short_name"], "object": "45 CM: 600.00", "name": "price"}}]	18	7a2a5815-5de9-4f34-9c7a-53926e1bcb32
118	2017-08-17 11:55:34.520478+00	3	Margherita	2	[{"changed": {"fields": ["name", "ingredients"]}}, {"changed": {"fields": ["name", "short_name"], "object": "33 CM: 280.00", "name": "price"}}, {"changed": {"fields": ["name", "short_name"], "object": "45 CM: 460.00", "name": "price"}}]	18	7a2a5815-5de9-4f34-9c7a-53926e1bcb32
119	2017-08-17 12:04:26.686717+00	2	-	2	[]	18	7a2a5815-5de9-4f34-9c7a-53926e1bcb32
120	2017-08-17 12:32:29.535508+00	3	New!	2	[{"changed": {"fields": ["name"]}}]	15	7a2a5815-5de9-4f34-9c7a-53926e1bcb32
121	2017-08-17 12:32:53.379325+00	2	Discount	2	[{"changed": {"fields": ["name"]}}]	15	7a2a5815-5de9-4f34-9c7a-53926e1bcb32
122	2017-08-17 12:33:12.242512+00	1	Hit!	2	[{"changed": {"fields": ["name"]}}]	15	7a2a5815-5de9-4f34-9c7a-53926e1bcb32
123	2017-08-17 12:33:18.058713+00	2	Discount!	2	[{"changed": {"fields": ["name"]}}]	15	7a2a5815-5de9-4f34-9c7a-53926e1bcb32
124	2017-08-17 12:58:13.784434+00	2	-	2	[{"added": {"object": "0,33\\u043b: 80", "name": "price"}}, {"changed": {"fields": ["price", "name", "short_name"], "object": "0,5\\u043b: 100.00", "name": "price"}}]	18	7a2a5815-5de9-4f34-9c7a-53926e1bcb32
125	2017-08-17 12:58:30.263282+00	2	-	2	[{"changed": {"fields": ["image"], "object": "Image object", "name": "image"}}]	18	7a2a5815-5de9-4f34-9c7a-53926e1bcb32
126	2017-08-17 13:01:59.194282+00	2	Coca-cola	2	[{"changed": {"fields": ["name", "ingredients"]}}, {"changed": {"fields": ["name", "short_name"], "object": "0,5L: 100.00", "name": "price"}}, {"changed": {"fields": ["name", "short_name"], "object": "0,33L: 80.00", "name": "price"}}]	18	7a2a5815-5de9-4f34-9c7a-53926e1bcb32
127	2017-08-17 13:02:11.443708+00	2	-	2	[{"changed": {"fields": ["image"], "object": "Image object", "name": "image"}}]	18	7a2a5815-5de9-4f34-9c7a-53926e1bcb32
128	2017-08-17 13:21:24.997158+00	2	-	2	[{"changed": {"fields": ["image"], "object": "Image object", "name": "image"}}]	18	7a2a5815-5de9-4f34-9c7a-53926e1bcb32
129	2017-08-17 13:22:00.938721+00	2	-	2	[{"changed": {"fields": ["ingredients"]}}]	18	7a2a5815-5de9-4f34-9c7a-53926e1bcb32
130	2017-08-17 13:22:34.722339+00	2	-	2	[{"changed": {"fields": ["ingredients"]}}]	18	7a2a5815-5de9-4f34-9c7a-53926e1bcb32
131	2017-08-17 13:23:00.648374+00	2	Coca-cola	2	[{"changed": {"fields": ["ingredients"]}}]	18	7a2a5815-5de9-4f34-9c7a-53926e1bcb32
132	2017-08-17 13:23:43.370876+00	2	-	2	[]	18	7a2a5815-5de9-4f34-9c7a-53926e1bcb32
133	2017-08-17 13:25:08.725848+00	18	Sprite	1	[{"added": {}}, {"added": {"object": "0,5\\u043b: 100", "name": "price"}}, {"added": {"object": "0,33\\u043b: 80", "name": "price"}}, {"added": {"object": "Image object", "name": "image"}}]	18	7a2a5815-5de9-4f34-9c7a-53926e1bcb32
134	2017-08-17 13:25:18.831731+00	18	Sprite	2	[{"changed": {"fields": ["image"], "object": "Image object", "name": "image"}}]	18	7a2a5815-5de9-4f34-9c7a-53926e1bcb32
135	2017-08-17 13:26:02.72511+00	18	Sprite	2	[{"changed": {"fields": ["name", "ingredients"]}}, {"changed": {"fields": ["name", "short_name"], "object": "0,5L: 100.00", "name": "price"}}, {"changed": {"fields": ["name", "short_name"], "object": "0,33L: 80.00", "name": "price"}}]	18	7a2a5815-5de9-4f34-9c7a-53926e1bcb32
136	2017-08-17 13:27:25.967708+00	19	Fanta	1	[{"added": {}}, {"added": {"object": "0,5\\u043b: 100", "name": "price"}}, {"added": {"object": "0,33\\u043b: 80", "name": "price"}}, {"added": {"object": "Image object", "name": "image"}}]	18	7a2a5815-5de9-4f34-9c7a-53926e1bcb32
137	2017-08-17 13:27:55.60931+00	19	Fanta	2	[{"changed": {"fields": ["name", "ingredients"]}}, {"changed": {"fields": ["name", "short_name"], "object": "0,5L: 100.00", "name": "price"}}, {"changed": {"fields": ["name", "short_name"], "object": "0,33L: 80.00", "name": "price"}}]	18	7a2a5815-5de9-4f34-9c7a-53926e1bcb32
138	2017-08-17 16:30:52.893952+00	20	  "NESTEA" ()	1	[{"added": {}}, {"added": {"name": "price", "object": "0,5\\u043b: 120"}}, {"added": {"name": "image", "object": "Image object"}}]	18	7a2a5815-5de9-4f34-9c7a-53926e1bcb32
139	2017-08-17 16:33:24.887226+00	20	Cold tea "Nestea"	2	[{"changed": {"fields": ["name", "ingredients"]}}, {"changed": {"name": "price", "object": "0,5L: 120.00", "fields": ["name", "short_name"]}}]	18	7a2a5815-5de9-4f34-9c7a-53926e1bcb32
140	2017-08-17 16:33:55.449743+00	20	Cold tea "Nestea" (black)	2	[{"changed": {"fields": ["name"]}}]	18	7a2a5815-5de9-4f34-9c7a-53926e1bcb32
141	2017-08-17 16:34:55.551026+00	21	  "NESTEA" ()	1	[{"added": {}}, {"added": {"name": "price", "object": "0,5\\u043b: 120"}}, {"added": {"name": "image", "object": "Image object"}}]	18	7a2a5815-5de9-4f34-9c7a-53926e1bcb32
142	2017-08-17 16:35:24.70018+00	21	Cold tea "Nestea" (green)	2	[{"changed": {"fields": ["name", "ingredients"]}}, {"changed": {"name": "price", "object": "0,5L: 120.00", "fields": ["name", "short_name"]}}]	18	7a2a5815-5de9-4f34-9c7a-53926e1bcb32
143	2017-08-17 16:47:00.143685+00	22	 Aqua dolomia	1	[{"added": {}}, {"added": {"name": "price", "object": "0,33\\u043b (\\u043d\\u0435\\u0433\\u0430\\u0437\\u0438\\u0440\\u043e\\u0432\\u0430\\u043d\\u043d\\u0430\\u044f): 80"}}, {"added": {"name": "price", "object": "0,5\\u043b (\\u043d\\u0435\\u0433\\u0430\\u0437\\u0438\\u0440\\u043e\\u0432\\u0430\\u043d\\u043d\\u0430\\u044f): 120"}}, {"added": {"name": "image", "object": "Image object"}}]	18	7a2a5815-5de9-4f34-9c7a-53926e1bcb32
144	2017-08-17 16:48:23.148078+00	22	Water "Acqua Dolomia"	2	[{"changed": {"fields": ["name", "ingredients"]}}, {"changed": {"name": "price", "object": "0,33L: 80.00", "fields": ["name", "short_name"]}}, {"changed": {"name": "price", "object": "0,5L: 120.00", "fields": ["name", "short_name"]}}]	18	7a2a5815-5de9-4f34-9c7a-53926e1bcb32
145	2017-08-17 16:48:42.965255+00	22	 "Aqua dolomia"	2	[{"changed": {"fields": ["name"]}}, {"changed": {"name": "price", "object": "0,33\\u043b: 80.00", "fields": ["name"]}}, {"changed": {"name": "price", "object": "0,5\\u043b: 120.00", "fields": ["name"]}}]	18	7a2a5815-5de9-4f34-9c7a-53926e1bcb32
146	2017-08-17 16:48:59.996124+00	22	 "Aqua dolomia"	2	[]	18	7a2a5815-5de9-4f34-9c7a-53926e1bcb32
147	2017-08-17 16:49:20.822675+00	22	 "Aqua dolomia" ()	2	[{"changed": {"fields": ["name"]}}]	18	7a2a5815-5de9-4f34-9c7a-53926e1bcb32
148	2017-08-17 16:49:34.444037+00	22	 "Aqua dolomia" ()	2	[{"changed": {"fields": ["name"]}}]	18	7a2a5815-5de9-4f34-9c7a-53926e1bcb32
149	2017-08-17 16:55:45.884095+00	23	 "Aqua dolomia" ()	1	[{"added": {}}, {"added": {"name": "price", "object": "0,33\\u043b: 80"}}, {"added": {"name": "price", "object": "0,5\\u043b: 120"}}, {"added": {"name": "image", "object": "Image object"}}]	18	7a2a5815-5de9-4f34-9c7a-53926e1bcb32
150	2017-08-17 16:56:10.177323+00	23	Water "Asqua dolomia" (carbonated)	2	[{"changed": {"fields": ["name", "ingredients"]}}]	18	7a2a5815-5de9-4f34-9c7a-53926e1bcb32
151	2017-08-17 16:56:57.208981+00	23	Water "Aqua dolomia" (carbonated)	2	[{"changed": {"fields": ["name", "ingredients"]}}, {"changed": {"name": "price", "object": "0,33L: 80.00", "fields": ["name", "short_name"]}}, {"changed": {"name": "price", "object": "0,5L: 120.00", "fields": ["name", "short_name"]}}]	18	7a2a5815-5de9-4f34-9c7a-53926e1bcb32
152	2017-08-17 16:57:08.529891+00	23	 "Aqua dolomia" ()	2	[]	18	7a2a5815-5de9-4f34-9c7a-53926e1bcb32
153	2017-08-17 17:01:50.392643+00	17	:  / 	2	[]	18	7a2a5815-5de9-4f34-9c7a-53926e1bcb32
154	2017-08-17 17:02:18.94641+00	16	:  / 	2	[]	18	7a2a5815-5de9-4f34-9c7a-53926e1bcb32
155	2017-08-17 17:02:44.961542+00	15	 / 	2	[]	18	7a2a5815-5de9-4f34-9c7a-53926e1bcb32
156	2017-08-17 17:03:11.115146+00	14		2	[]	18	7a2a5815-5de9-4f34-9c7a-53926e1bcb32
157	2017-08-17 17:03:35.904522+00	13		2	[]	18	7a2a5815-5de9-4f34-9c7a-53926e1bcb32
158	2017-08-17 17:04:00.483068+00	12		2	[]	18	7a2a5815-5de9-4f34-9c7a-53926e1bcb32
159	2017-08-17 17:04:31.845255+00	11	 / 	2	[]	18	7a2a5815-5de9-4f34-9c7a-53926e1bcb32
160	2017-08-17 17:05:04.874043+00	10		2	[]	18	7a2a5815-5de9-4f34-9c7a-53926e1bcb32
161	2017-08-17 17:05:25.723966+00	9	RALLY	2	[]	18	7a2a5815-5de9-4f34-9c7a-53926e1bcb32
162	2017-08-17 17:05:51.657707+00	8	 	2	[]	18	7a2a5815-5de9-4f34-9c7a-53926e1bcb32
163	2017-08-17 17:06:10.962908+00	7	4 	2	[]	18	7a2a5815-5de9-4f34-9c7a-53926e1bcb32
164	2017-08-17 17:06:27.91263+00	6	 / 	2	[]	18	7a2a5815-5de9-4f34-9c7a-53926e1bcb32
165	2017-08-17 17:07:00.647064+00	5	  	2	[]	18	7a2a5815-5de9-4f34-9c7a-53926e1bcb32
166	2017-08-17 17:07:05.528104+00	5	With mushrooms	2	[]	18	7a2a5815-5de9-4f34-9c7a-53926e1bcb32
167	2017-08-17 17:07:38.316199+00	4		2	[]	18	7a2a5815-5de9-4f34-9c7a-53926e1bcb32
168	2017-08-17 17:07:57.180801+00	3		2	[]	18	7a2a5815-5de9-4f34-9c7a-53926e1bcb32
169	2017-08-17 19:46:01.065171+00	1	 	2	[{"changed": {"fields": ["work_day_started_at", "work_day_ended_at"]}}]	9	7a2a5815-5de9-4f34-9c7a-53926e1bcb32
170	2017-08-18 09:55:23.215431+00	1	 	2	[{"added": {"name": "sms template", "object": "order_notification"}}]	9	7a2a5815-5de9-4f34-9c7a-53926e1bcb32
171	2017-08-18 10:00:28.143647+00	1	 	2	[{"changed": {"name": "sms template", "object": "order_notification", "fields": ["text"]}}]	9	7a2a5815-5de9-4f34-9c7a-53926e1bcb32
172	2017-08-18 10:00:50.630711+00	1	 	2	[{"changed": {"name": "sms template", "object": "order_notification", "fields": ["text"]}}]	9	7a2a5815-5de9-4f34-9c7a-53926e1bcb32
173	2017-08-18 10:02:26.765399+00	1	 	2	[{"changed": {"name": "sms template", "object": "order_notification", "fields": ["text"]}}]	9	7a2a5815-5de9-4f34-9c7a-53926e1bcb32
174	2017-08-18 10:04:35.21787+00	1	 	2	[{"changed": {"name": "sms template", "object": "order_notification", "fields": ["text"]}}]	9	7a2a5815-5de9-4f34-9c7a-53926e1bcb32
175	2017-08-18 10:07:15.642604+00	1	 	2	[{"changed": {"name": "sms template", "object": "order_notification", "fields": ["text"]}}]	9	7a2a5815-5de9-4f34-9c7a-53926e1bcb32
176	2017-08-18 10:10:27.065852+00	1	 	2	[{"changed": {"name": "sms template", "object": "order_notification", "fields": ["text"]}}]	9	7a2a5815-5de9-4f34-9c7a-53926e1bcb32
177	2017-08-18 10:13:26.636709+00	1	 	2	[{"changed": {"name": "sms template", "object": "order_notification", "fields": ["text"]}}]	9	7a2a5815-5de9-4f34-9c7a-53926e1bcb32
178	2017-08-18 10:15:02.720355+00	1	 	2	[{"changed": {"name": "sms template", "object": "order_notification", "fields": ["text"]}}]	9	7a2a5815-5de9-4f34-9c7a-53926e1bcb32
179	2017-08-18 10:15:22.471172+00	1	 	2	[{"changed": {"name": "sms template", "object": "order_notification", "fields": ["text"]}}]	9	7a2a5815-5de9-4f34-9c7a-53926e1bcb32
180	2017-08-18 11:44:23.244074+00	21	  "NESTEA" ()	2	[{"changed": {"name": "price", "fields": ["name"], "object": "0,5\\u043b (\\u0437\\u0435\\u043b\\u0435\\u043d\\u044b\\u0439): 120.00"}}]	18	7a2a5815-5de9-4f34-9c7a-53926e1bcb32
181	2017-08-18 11:44:37.269222+00	20	  "NESTEA" ()	2	[{"changed": {"name": "price", "fields": ["name"], "object": "0,5\\u043b (\\u0447\\u0435\\u0440\\u043d\\u044b\\u0439): 120.00"}}]	18	7a2a5815-5de9-4f34-9c7a-53926e1bcb32
182	2017-08-18 14:05:30.881511+00	77	olimpiyskiy plyazh	2	[{"changed": {"fields": ["name"]}}]	43	7a2a5815-5de9-4f34-9c7a-53926e1bcb32
183	2017-08-18 14:05:33.708461+00	77	Olimpiyskiy plyazh	2	[{"changed": {"fields": ["name"]}}]	43	7a2a5815-5de9-4f34-9c7a-53926e1bcb32
184	2017-08-19 10:09:38.302434+00	1	 	2	[{"changed": {"fields": ["order_phone_notification"]}}]	9	7a2a5815-5de9-4f34-9c7a-53926e1bcb32
185	2017-08-19 12:39:34.901654+00	1	 	2	[{"changed": {"fields": ["text"], "object": "order_notification", "name": "sms template"}}]	9	7a2a5815-5de9-4f34-9c7a-53926e1bcb32
\.


--
-- Name: django_admin_log_id_seq; Type: SEQUENCE SET; Schema: public; Owner: postgres
--

SELECT pg_catalog.setval('django_admin_log_id_seq', 185, true);


--
-- Data for Name: django_content_type; Type: TABLE DATA; Schema: public; Owner: postgres
--

COPY django_content_type (id, app_label, model) FROM stdin;
1	admin	logentry
2	auth	group
3	auth	permission
4	contenttypes	contenttype
5	sessions	session
6	easy_thumbnails	thumbnail
7	easy_thumbnails	source
8	easy_thumbnails	thumbnaildimensions
9	core	siteconfiguration
10	core	sociallink
11	users	phoneverification
12	users	appuser
13	catalog	image
14	catalog	favoriteproduct
15	catalog	action
16	catalog	category
17	catalog	productprice
18	catalog	product
19	cart	order
20	cart	cartitem
21	cart	cart
22	cart	address
23	users	passworduser
24	djcelery	workerstate
25	djcelery	periodictasks
26	djcelery	taskmeta
27	djcelery	periodictask
28	djcelery	taskstate
29	djcelery	intervalschedule
30	djcelery	tasksetmeta
31	djcelery	crontabschedule
32	core	smstemplate
33	core	action
34	jet	bookmark
35	jet	pinnedapplication
36	core	sliderimage
37	core	siteconfigurationtranslation
38	core	actiontranslation
39	catalog	producttranslation
40	catalog	categorytranslation
41	catalog	actiontranslation
42	catalog	productpricetranslation
43	core	availablestreet
44	core	availablestreettranslation
\.


--
-- Name: django_content_type_id_seq; Type: SEQUENCE SET; Schema: public; Owner: postgres
--

SELECT pg_catalog.setval('django_content_type_id_seq', 44, true);


--
-- Data for Name: django_migrations; Type: TABLE DATA; Schema: public; Owner: postgres
--

COPY django_migrations (id, app, name, applied) FROM stdin;
1	contenttypes	0001_initial	2017-07-04 07:17:44.6094+00
2	contenttypes	0002_remove_content_type_name	2017-07-04 07:17:44.636592+00
3	auth	0001_initial	2017-07-04 07:17:44.727688+00
4	auth	0002_alter_permission_name_max_length	2017-07-04 07:17:44.744831+00
5	auth	0003_alter_user_email_max_length	2017-07-04 07:17:44.764065+00
6	auth	0004_alter_user_username_opts	2017-07-04 07:17:44.778385+00
7	auth	0005_alter_user_last_login_null	2017-07-04 07:17:44.791525+00
8	auth	0006_require_contenttypes_0002	2017-07-04 07:17:44.796226+00
9	auth	0007_alter_validators_add_error_messages	2017-07-04 07:17:44.816567+00
10	auth	0008_alter_user_username_max_length	2017-07-04 07:17:44.830593+00
11	users	0001_initial	2017-07-04 07:17:44.970816+00
12	admin	0001_initial	2017-07-04 07:17:45.026417+00
13	admin	0002_logentry_remove_auto_add	2017-07-04 07:17:45.051549+00
14	catalog	0001_initial	2017-07-04 07:17:45.235987+00
15	cart	0001_initial	2017-07-04 07:17:45.311058+00
16	cart	0002_auto_20170704_0548	2017-07-04 07:17:45.469297+00
17	catalog	0002_favoriteproduct_user	2017-07-04 07:17:45.521729+00
18	core	0001_initial	2017-07-04 07:17:45.570747+00
19	easy_thumbnails	0001_initial	2017-07-04 07:17:45.662947+00
20	easy_thumbnails	0002_thumbnaildimensions	2017-07-04 07:17:45.701936+00
21	sessions	0001_initial	2017-07-04 07:17:45.734572+00
22	core	0002_auto_20170704_1322	2017-07-04 13:44:32.673917+00
23	users	0002_passworduser	2017-07-04 13:44:32.743043+00
24	cart	0003_auto_20170706_0634	2017-07-06 12:13:15.092384+00
25	catalog	0003_auto_20170706_0634	2017-07-06 12:13:15.12674+00
26	catalog	0004_auto_20170706_0637	2017-07-06 12:13:15.149962+00
27	core	0003_auto_20170706_0634	2017-07-06 12:13:15.161193+00
28	core	0004_auto_20170706_0637	2017-07-06 12:13:15.173402+00
29	cart	0004_auto_20170708_0907	2017-07-08 10:55:26.903019+00
30	catalog	0005_auto_20170708_0907	2017-07-08 10:55:26.966124+00
31	catalog	0006_auto_20170708_0915	2017-07-08 10:55:27.02727+00
32	core	0005_auto_20170708_0907	2017-07-08 10:55:27.211461+00
33	core	0006_auto_20170708_0915	2017-07-08 10:55:27.278838+00
34	cart	0005_auto_20170709_1356	2017-07-09 17:26:24.089534+00
35	cart	0006_remove_address_comment	2017-07-09 17:26:24.125452+00
36	cart	0007_order_comment	2017-07-09 17:26:24.196115+00
37	cart	0008_auto_20170709_1438	2017-07-09 17:26:24.236821+00
38	cart	0009_auto_20170709_1440	2017-07-09 17:26:24.272671+00
39	catalog	0007_auto_20170709_1356	2017-07-09 17:26:24.297693+00
40	catalog	0008_auto_20170709_1411	2017-07-09 17:26:24.324704+00
41	catalog	0009_auto_20170709_1411	2017-07-09 17:26:24.351952+00
42	catalog	0010_auto_20170709_1438	2017-07-09 17:26:24.44218+00
43	catalog	0011_auto_20170709_1440	2017-07-09 17:26:24.475234+00
44	catalog	0012_auto_20170709_1826	2017-07-09 17:26:24.500829+00
45	catalog	0013_auto_20170709_1832	2017-07-09 17:26:24.525668+00
46	core	0007_auto_20170709_1356	2017-07-09 17:26:24.570379+00
47	core	0008_auto_20170709_1411	2017-07-09 17:26:24.585051+00
48	core	0009_auto_20170709_1411	2017-07-09 17:26:24.599454+00
49	core	0010_auto_20170709_1438	2017-07-09 17:26:24.615828+00
50	core	0011_auto_20170709_1440	2017-07-09 17:26:24.63483+00
51	core	0012_auto_20170709_1826	2017-07-09 17:26:24.652122+00
52	core	0013_auto_20170709_1832	2017-07-09 17:26:24.666693+00
53	djcelery	0001_initial	2017-07-09 17:26:24.894502+00
54	users	0003_appuser_email_confirmed	2017-07-09 17:26:24.945799+00
55	core	0014_action	2017-07-10 18:34:59.902591+00
56	cart	0010_auto_20170710_2211	2017-07-10 19:25:12.807439+00
57	cart	0011_auto_20170715_1607	2017-07-18 09:26:20.132431+00
58	cart	0012_auto_20170716_1418	2017-07-18 09:26:20.481031+00
59	cart	0013_auto_20170716_1449	2017-07-18 09:29:52.186454+00
60	jet	0001_initial	2017-07-18 09:29:52.271895+00
61	jet	0002_delete_userdashboardmodule	2017-07-18 09:29:52.290836+00
62	cart	0014_auto_20170727_2019	2017-07-27 18:27:14.908907+00
63	catalog	0014_auto_20170727_2019	2017-07-27 18:27:14.964432+00
64	core	0015_siteconfiguration_metric_code	2017-07-29 18:51:55.408792+00
65	core	0016_auto_20170807_2111	2017-08-07 18:28:23.177125+00
66	core	0017_auto_20170813_1705	2017-08-13 14:32:39.42858+00
67	catalog	0015_auto_20170816_2109	2017-08-17 04:57:45.600561+00
68	core	0018_auto_20170816_2020	2017-08-17 04:57:45.666348+00
69	core	0019_auto_20170816_2034	2017-08-17 04:57:45.714922+00
70	core	0020_auto_20170816_2037	2017-08-17 04:57:45.779346+00
71	core	0021_auto_20170817_0741	2017-08-17 04:57:45.794458+00
72	core	0022_availablestreet	2017-08-17 14:25:03.237752+00
73	core	0023_auto_20170817_1759	2017-08-17 19:19:07.162455+00
74	core	0024_siteconfiguration_order_phone_notification	2017-08-18 09:38:27.284792+00
75	core	0025_auto_20170818_1244	2017-08-18 09:45:28.456527+00
76	core	0026_auto_20170818_1647	2017-08-18 13:52:58.197025+00
77	core	0027_remove_availablestreet_name	2017-08-18 13:52:58.212436+00
78	core	0028_auto_20170818_1648	2017-08-18 13:52:58.224867+00
79	core	0029_availablestreet_keywords	2017-08-18 14:19:45.659803+00
80	core	0030_siteconfiguration_notification_is_enabled	2017-08-18 18:05:52.923134+00
81	catalog	0016_auto_20170818_2200	2017-08-18 19:18:43.917488+00
82	catalog	0017_auto_20170818_2208	2017-08-18 19:18:43.937564+00
83	catalog	0018_auto_20170819_1541	2017-08-19 12:43:19.243808+00
\.


--
-- Name: django_migrations_id_seq; Type: SEQUENCE SET; Schema: public; Owner: postgres
--

SELECT pg_catalog.setval('django_migrations_id_seq', 83, true);


--
-- Data for Name: django_session; Type: TABLE DATA; Schema: public; Owner: postgres
--

COPY django_session (session_key, session_data, expire_date) FROM stdin;
ny91jg93a47ec1kvp76uivpjiiqibv5e	ZjFkMWQ1MGUxOGQxMjQxNWE5N2Q0MTgwYjcxYWJiNThhNDQwYmE2NDp7Il9hdXRoX3VzZXJfaGFzaCI6Ijc0MjA3ZGE2ZjJjOWFiYWZkYWM0ZDU0NWYwNzNjMDY1YjIwZWYwY2EiLCJfYXV0aF91c2VyX2JhY2tlbmQiOiJkamFuZ28uY29udHJpYi5hdXRoLmJhY2tlbmRzLk1vZGVsQmFja2VuZCIsIl9hdXRoX3VzZXJfaWQiOiJlYmZkNmY5Zi1lMjRhLTQyZDEtYmU2MS1lMTJlNGVjZjc3ZDUifQ==	2017-08-12 18:55:36.281057+00
muq84j568byfp7431gdez4u8dzaen9t3	ZTJlYmE4ZTBjMTIxMGFhMjE5NmU2ZGQ2MTAwMDc5NWM2MmNlNjliYjp7Il9hdXRoX3VzZXJfYmFja2VuZCI6ImRqYW5nby5jb250cmliLmF1dGguYmFja2VuZHMuTW9kZWxCYWNrZW5kIiwiX2F1dGhfdXNlcl9pZCI6IjdhMmE1ODE1LTVkZTktNGYzNC05YzdhLTUzOTI2ZTFiY2IzMiIsIl9hdXRoX3VzZXJfaGFzaCI6ImE1ZjNiNTcyYjczZTBkMTdmZWY0NWQ0ZDgwZjBhYmFhZWNhMDNiYTQifQ==	2017-08-29 15:14:18.943025+00
6l2q18yk4zpagvu3ml6xpw2vb0apca2s	ZmFlNTRhZWY0Yzk0MGZmODY2NDExY2MwMjFlZjRlYzhhMTg0NjM0Nzp7Il9hdXRoX3VzZXJfaGFzaCI6Ijc0MjA3ZGE2ZjJjOWFiYWZkYWM0ZDU0NWYwNzNjMDY1YjIwZWYwY2EiLCJfYXV0aF91c2VyX2lkIjoiZWJmZDZmOWYtZTI0YS00MmQxLWJlNjEtZTEyZTRlY2Y3N2Q1IiwiX2F1dGhfdXNlcl9iYWNrZW5kIjoiZGphbmdvLmNvbnRyaWIuYXV0aC5iYWNrZW5kcy5Nb2RlbEJhY2tlbmQifQ==	2017-08-12 19:03:11.344651+00
jqcia6ohrub0clntc6yxlbeono58xwhb	NmUwODQyNmRmMmE4MThhMzI2ODQyMDE3NGVjYTk5ZmRhNzIyNDNjODp7Il9hdXRoX3VzZXJfaWQiOiJlYmZkNmY5Zi1lMjRhLTQyZDEtYmU2MS1lMTJlNGVjZjc3ZDUiLCJfYXV0aF91c2VyX2JhY2tlbmQiOiJkamFuZ28uY29udHJpYi5hdXRoLmJhY2tlbmRzLk1vZGVsQmFja2VuZCIsIl9hdXRoX3VzZXJfaGFzaCI6Ijc0MjA3ZGE2ZjJjOWFiYWZkYWM0ZDU0NWYwNzNjMDY1YjIwZWYwY2EifQ==	2017-08-12 19:13:19.680454+00
j7s196l64jj82cc74da5rgczv0k5oa8g	ZmJiZmQ1OTA2YzkzM2NkMjc4NDMxNWE0OGM3MGI0ZTQwYjFlN2ZkNDp7Il9sYW5ndWFnZSI6InJ1In0=	2017-09-01 17:29:33.437418+00
rtrl6d8hmf6jig68zzbqtsz0rql7twou	NTk0NzBlNGI1MzU1ODI4ZTgzMDM4MTIxZTUyNjQyNjk0YjQ2ZTcwMzp7Il9hdXRoX3VzZXJfaGFzaCI6ImQwOTgyMDRlY2UxNzE5Nzk4NjVhZjQzM2I2ZjVmMDdmZWI0NDM1ZjMiLCJfYXV0aF91c2VyX2lkIjoiN2EyYTU4MTUtNWRlOS00ZjM0LTljN2EtNTM5MjZlMWJjYjMyIiwiX2F1dGhfdXNlcl9iYWNrZW5kIjoiZGphbmdvLmNvbnRyaWIuYXV0aC5iYWNrZW5kcy5Nb2RlbEJhY2tlbmQifQ==	2017-07-21 14:21:21.79258+00
w0rlbkjqf7mn64gpdsufr7dilcsv5yf5	ZTIwOTYwMWY3NDM5NGRjYmUxOTI1ZDU3MDJjYmQwZGY4MGYwYTdiMTp7Il9hdXRoX3VzZXJfaGFzaCI6ImQwOTgyMDRlY2UxNzE5Nzk4NjVhZjQzM2I2ZjVmMDdmZWI0NDM1ZjMiLCJfYXV0aF91c2VyX2JhY2tlbmQiOiJkamFuZ28uY29udHJpYi5hdXRoLmJhY2tlbmRzLk1vZGVsQmFja2VuZCIsIl9hdXRoX3VzZXJfaWQiOiI3YTJhNTgxNS01ZGU5LTRmMzQtOWM3YS01MzkyNmUxYmNiMzIifQ==	2017-07-22 10:58:12.849209+00
vrwhtpqq8kgws1vsbjqka9q02cyels2e	ZTRjNTg0YThjZjVhY2I5NDhlMGQ0Mzg4NDQ2NTdmZWQyN2M3NjI4ZTp7Il9hdXRoX3VzZXJfaGFzaCI6ImFmMmMyOGJhYjY2ZWM0NzUzZGIwM2EyNjQzMmE0M2FkNTE4ZmY0ZjciLCJfYXV0aF91c2VyX2lkIjoiMzhkMDkwNzAtYWQ1YS00NGQ2LTg3YmUtYzUzYTQ5OTNmNmM3IiwiX2F1dGhfdXNlcl9iYWNrZW5kIjoiZGphbmdvLmNvbnRyaWIuYXV0aC5iYWNrZW5kcy5Nb2RlbEJhY2tlbmQifQ==	2017-07-24 19:44:50.966479+00
ty8cdwkshv2jag8p748w7j482qak9cfg	MjgxYTM0NWRjZDg1MTEzMzU5YWQ0YmJiYmM5NDExNDQxMmRlNzkwMDp7InJvc2V0dGFfY2FjaGVfc3RvcmFnZV9rZXlfcHJlZml4IjoiMDdkMDM4ZTJjNDk2NzEwYmM4ZmI4OTNmOGYwZWEzN2U2MDA4MTcwMSIsIl9hdXRoX3VzZXJfaGFzaCI6ImFmMmMyOGJhYjY2ZWM0NzUzZGIwM2EyNjQzMmE0M2FkNTE4ZmY0ZjciLCJfbGFuZ3VhZ2UiOiJydSIsIl9hdXRoX3VzZXJfYmFja2VuZCI6ImRqYW5nby5jb250cmliLmF1dGguYmFja2VuZHMuTW9kZWxCYWNrZW5kIiwiX2F1dGhfdXNlcl9pZCI6IjM4ZDA5MDcwLWFkNWEtNDRkNi04N2JlLWM1M2E0OTkzZjZjNyJ9	2017-07-24 19:47:32.41854+00
6rgeg5y3ngm0elurpw5wl7u0ko80q4ft	ZDA3N2E3YTQ4NTU4ZjhmMTkyOWE0OWY3ZWE1YzA1ZTY0MjkwMWQ5ZTp7Il9hdXRoX3VzZXJfaWQiOiIxZjViMDFmNS0wZTAyLTQ2ZGQtYmZlYy0xNGMwMjlkYTA1YjgiLCJ1c2VyX2lkIjoiMWY1YjAxZjUtMGUwMi00NmRkLWJmZWMtMTRjMDI5ZGEwNWI4IiwiX2F1dGhfdXNlcl9iYWNrZW5kIjoidXNlcnMuYmFja2VuZHMuU21zQ29kZUJhY2tlbmQiLCJfYXV0aF91c2VyX2hhc2giOiI1MmFmMGUwZDliNzgwZTNjY2ZmNzFlMTg1NGM4NGYzMTU5N2FlOWNjIn0=	2017-08-23 11:02:57.751332+00
9gbnmy42yzmj3v3s5mjyz9fq81sj8rgv	NDM3NTM1NTZiYjUyNjUyMTVlZGEyNjEzODI2OTFlMmFhNzNkMWViNjp7Il9sYW5ndWFnZSI6InJ1IiwiX2F1dGhfdXNlcl9oYXNoIjoiYTMxYTkwNDRjMDE5ZTUyNjg1NWI0OGYyMDVhOWRjNTY3Zjg2NGViMSIsIl9hdXRoX3VzZXJfaWQiOiJlYmZkNmY5Zi1lMjRhLTQyZDEtYmU2MS1lMTJlNGVjZjc3ZDUiLCJfYXV0aF91c2VyX2JhY2tlbmQiOiJ1c2Vycy5iYWNrZW5kcy5TbXNDb2RlQmFja2VuZCIsInVzZXJfaWQiOiJlYmZkNmY5Zi1lMjRhLTQyZDEtYmU2MS1lMTJlNGVjZjc3ZDUifQ==	2017-07-25 18:54:09.203586+00
c7us35simgr038w178tibhc7fud58agf	NTk0NzBlNGI1MzU1ODI4ZTgzMDM4MTIxZTUyNjQyNjk0YjQ2ZTcwMzp7Il9hdXRoX3VzZXJfaGFzaCI6ImQwOTgyMDRlY2UxNzE5Nzk4NjVhZjQzM2I2ZjVmMDdmZWI0NDM1ZjMiLCJfYXV0aF91c2VyX2lkIjoiN2EyYTU4MTUtNWRlOS00ZjM0LTljN2EtNTM5MjZlMWJjYjMyIiwiX2F1dGhfdXNlcl9iYWNrZW5kIjoiZGphbmdvLmNvbnRyaWIuYXV0aC5iYWNrZW5kcy5Nb2RlbEJhY2tlbmQifQ==	2017-07-26 08:33:09.713842+00
3iaav1wfz25rlaol27d1czqk4lw65uyo	ZDI0Zjc2OWE5NzQ5NGRlNWMwMzk3ZGNkMjZlMTU2ZmZhZGM3MjJjZTp7Il9hdXRoX3VzZXJfYmFja2VuZCI6ImRqYW5nby5jb250cmliLmF1dGguYmFja2VuZHMuTW9kZWxCYWNrZW5kIiwiX2F1dGhfdXNlcl9oYXNoIjoiZDA5ODIwNGVjZTE3MTk3OTg2NWFmNDMzYjZmNWYwN2ZlYjQ0MzVmMyIsIl9hdXRoX3VzZXJfaWQiOiI3YTJhNTgxNS01ZGU5LTRmMzQtOWM3YS01MzkyNmUxYmNiMzIifQ==	2017-08-01 09:31:37.474762+00
1vq0oqe9ygpsahqsmyic0mzruchqjl0b	ZDI0Zjc2OWE5NzQ5NGRlNWMwMzk3ZGNkMjZlMTU2ZmZhZGM3MjJjZTp7Il9hdXRoX3VzZXJfYmFja2VuZCI6ImRqYW5nby5jb250cmliLmF1dGguYmFja2VuZHMuTW9kZWxCYWNrZW5kIiwiX2F1dGhfdXNlcl9oYXNoIjoiZDA5ODIwNGVjZTE3MTk3OTg2NWFmNDMzYjZmNWYwN2ZlYjQ0MzVmMyIsIl9hdXRoX3VzZXJfaWQiOiI3YTJhNTgxNS01ZGU5LTRmMzQtOWM3YS01MzkyNmUxYmNiMzIifQ==	2017-08-01 09:55:13.556706+00
4uwtbmko99i49noz6o33rt854koqynpv	MTIyNDhmZTA3MWI1NTg4ZGNlYzRmZjUwYmI1ODc5YWRkOTRjYmI1MTp7Il9hdXRoX3VzZXJfYmFja2VuZCI6InVzZXJzLmJhY2tlbmRzLlNtc0NvZGVCYWNrZW5kIiwidXNlcl9pZCI6IjVkNjllZDM1LTY0NWMtNDNmNi1hOGY2LWI5NGQwMTMwMzZjYyIsIl9hdXRoX3VzZXJfaWQiOiI1ZDY5ZWQzNS02NDVjLTQzZjYtYThmNi1iOTRkMDEzMDM2Y2MiLCJfYXV0aF91c2VyX2hhc2giOiI1ODg3OGY1Yzc4MDU3YjU2YmY3MTEyNjgwOTI1YzViNzVjNTI4MTY1In0=	2017-08-23 12:14:30.758333+00
et6hegwhllvpkyzyincyc9ifu2g3cd7g	MDU5NzRlZWVhNTQwYzhhMWQwY2VmMTY4YzE3NDVmNDRiOTFjMGJlYTp7Il9hdXRoX3VzZXJfYmFja2VuZCI6ImRqYW5nby5jb250cmliLmF1dGguYmFja2VuZHMuTW9kZWxCYWNrZW5kIiwiX2F1dGhfdXNlcl9pZCI6IjFmNWIwMWY1LTBlMDItNDZkZC1iZmVjLTE0YzAyOWRhMDViOCIsIl9hdXRoX3VzZXJfaGFzaCI6IjUyYWYwZTBkOWI3ODBlM2NjZmY3MWUxODU0Yzg0ZjMxNTk3YWU5Y2MifQ==	2017-08-24 09:25:00.815345+00
a80n3g8w5c8893ydy9dahxmulw0aoytq	N2Y4MTM4OTEzYWZiOGRmMGQzYTgzZWM2ZGRlNzMzNDkyNTNmM2M2Mzp7Il9hdXRoX3VzZXJfYmFja2VuZCI6InVzZXJzLmJhY2tlbmRzLlNtc0NvZGVCYWNrZW5kIiwidXNlcl9pZCI6IjA2ZGMxNzAxLWI4Y2UtNGNmNC1hNzhlLTliNjVmNTkwNzhlNSIsIl9hdXRoX3VzZXJfaWQiOiIwNmRjMTcwMS1iOGNlLTRjZjQtYTc4ZS05YjY1ZjU5MDc4ZTUiLCJfYXV0aF91c2VyX2hhc2giOiI5ZTQyNGQxNTBmYjM4NzcwNmFiNTI2YWQyNmM5ODkxMWE5ZjcxMzVhIn0=	2017-08-25 11:57:17.065141+00
2150clkrink9q6olk4bueom3qvynx0df	NTBmYmMzYjc4YmFkMDk1MjJmZGJiM2FiZDI2OGJhMzU4ZTRmYWRkMDp7Il9hdXRoX3VzZXJfaWQiOiI3YTJhNTgxNS01ZGU5LTRmMzQtOWM3YS01MzkyNmUxYmNiMzIiLCJfYXV0aF91c2VyX2JhY2tlbmQiOiJkamFuZ28uY29udHJpYi5hdXRoLmJhY2tlbmRzLk1vZGVsQmFja2VuZCIsIl9hdXRoX3VzZXJfaGFzaCI6IjY4NDQzYTgyMTQwMmExZGIyMjAwODY4NTBkOTYwYTZmYzcxMmVlODIifQ==	2017-08-10 14:24:09.418176+00
kwahr0yeo3ypwebws36q60dtnd9nn3sd	OTA3MzIyZDI1NTM3ZjEzNWZmYTQwYzI4ZTBhMjg2OTNlNGNkYzI2Nzp7Il9hdXRoX3VzZXJfaGFzaCI6IjY4NDQzYTgyMTQwMmExZGIyMjAwODY4NTBkOTYwYTZmYzcxMmVlODIiLCJfYXV0aF91c2VyX2JhY2tlbmQiOiJkamFuZ28uY29udHJpYi5hdXRoLmJhY2tlbmRzLk1vZGVsQmFja2VuZCIsInJvc2V0dGFfY2FjaGVfc3RvcmFnZV9rZXlfcHJlZml4IjoiMDY0Y2IxYjQ3Y2Q0OWYyYzMwOWZhOWZlODE4ZGIzYjk5NDVlMzAyNiIsIl9hdXRoX3VzZXJfaWQiOiI3YTJhNTgxNS01ZGU5LTRmMzQtOWM3YS01MzkyNmUxYmNiMzIifQ==	2017-08-12 18:55:11.980617+00
jc6blnvpy86o3hzwsywvoz3sfwhx8c7v	MDA2NGYxYjE0YzBkZjZhODk4M2RkOTA1MWJkMTNhMmM1NDQzNjQxZTp7Il9sYW5ndWFnZSI6ImVuIn0=	2017-08-29 16:48:50.814398+00
bb4kqjh0f1bzmggypk0w4vs62r1ys278	ODQ2NTIyMmQ0MWFiMWYzYTljODA1YTQxMDRiYTZlNDYxMTRmYzY5YTp7Il9hdXRoX3VzZXJfaGFzaCI6ImE1ZjNiNTcyYjczZTBkMTdmZWY0NWQ0ZDgwZjBhYmFhZWNhMDNiYTQiLCJfYXV0aF91c2VyX2lkIjoiN2EyYTU4MTUtNWRlOS00ZjM0LTljN2EtNTM5MjZlMWJjYjMyIiwiX2F1dGhfdXNlcl9iYWNrZW5kIjoiZGphbmdvLmNvbnRyaWIuYXV0aC5iYWNrZW5kcy5Nb2RlbEJhY2tlbmQiLCJyb3NldHRhX2NhY2hlX3N0b3JhZ2Vfa2V5X3ByZWZpeCI6IjUwZTk2MTk4YjgyNzQ2N2Q0MTkwNDI3YTRiMzY3YTdjYzk4YWJkMTcifQ==	2017-08-29 17:38:16.054065+00
iqranvoazorwfj8kcitfbwwfb7ujnvdr	NTQ1ZTNkZWZkMDNlMzBlYWM3NGU3MjVkMzUyMDhiYzc5NGRkNjA1Njp7Il9hdXRoX3VzZXJfaWQiOiI3YTJhNTgxNS01ZGU5LTRmMzQtOWM3YS01MzkyNmUxYmNiMzIiLCJfYXV0aF91c2VyX2JhY2tlbmQiOiJkamFuZ28uY29udHJpYi5hdXRoLmJhY2tlbmRzLk1vZGVsQmFja2VuZCIsIl9hdXRoX3VzZXJfaGFzaCI6ImE1ZjNiNTcyYjczZTBkMTdmZWY0NWQ0ZDgwZjBhYmFhZWNhMDNiYTQifQ==	2017-08-30 12:47:20.5451+00
op6ey8gt3tc85c1s9armk0lrdztme8p9	ZWVkYTcxMmM0NDFhNWIwN2JmNWM2MTg3Nzc3NTUwZjRkNTM5N2U2Mzp7Il9hdXRoX3VzZXJfaWQiOiI3YTJhNTgxNS01ZGU5LTRmMzQtOWM3YS01MzkyNmUxYmNiMzIiLCJfYXV0aF91c2VyX2hhc2giOiJhNWYzYjU3MmI3M2UwZDE3ZmVmNDVkNGQ4MGYwYWJhYWVjYTAzYmE0IiwiX2F1dGhfdXNlcl9iYWNrZW5kIjoiZGphbmdvLmNvbnRyaWIuYXV0aC5iYWNrZW5kcy5Nb2RlbEJhY2tlbmQifQ==	2017-08-30 13:04:20.519195+00
bscra2bmbvxr3o2sh6h9liaugio7t48h	ZWVkYTcxMmM0NDFhNWIwN2JmNWM2MTg3Nzc3NTUwZjRkNTM5N2U2Mzp7Il9hdXRoX3VzZXJfaWQiOiI3YTJhNTgxNS01ZGU5LTRmMzQtOWM3YS01MzkyNmUxYmNiMzIiLCJfYXV0aF91c2VyX2hhc2giOiJhNWYzYjU3MmI3M2UwZDE3ZmVmNDVkNGQ4MGYwYWJhYWVjYTAzYmE0IiwiX2F1dGhfdXNlcl9iYWNrZW5kIjoiZGphbmdvLmNvbnRyaWIuYXV0aC5iYWNrZW5kcy5Nb2RlbEJhY2tlbmQifQ==	2017-08-31 09:18:12.350413+00
tx9u028w3nmb0on9vzu7ccjmzrjkr7sv	NTQ1ZTNkZWZkMDNlMzBlYWM3NGU3MjVkMzUyMDhiYzc5NGRkNjA1Njp7Il9hdXRoX3VzZXJfaWQiOiI3YTJhNTgxNS01ZGU5LTRmMzQtOWM3YS01MzkyNmUxYmNiMzIiLCJfYXV0aF91c2VyX2JhY2tlbmQiOiJkamFuZ28uY29udHJpYi5hdXRoLmJhY2tlbmRzLk1vZGVsQmFja2VuZCIsIl9hdXRoX3VzZXJfaGFzaCI6ImE1ZjNiNTcyYjczZTBkMTdmZWY0NWQ0ZDgwZjBhYmFhZWNhMDNiYTQifQ==	2017-09-01 09:43:04.993563+00
efhnm08exa2vrh522bo8k0dxicglmrch	ZmJiZmQ1OTA2YzkzM2NkMjc4NDMxNWE0OGM3MGI0ZTQwYjFlN2ZkNDp7Il9sYW5ndWFnZSI6InJ1In0=	2017-09-01 11:26:25.196112+00
hx4w5kf7sh49hbgdz146bdjx0svrej5a	MjkxYmNjODRlNzczZDU2N2U0NDQyNGY1Njc4NWZmYjM2YmUwZTEzNDp7Il9hdXRoX3VzZXJfaGFzaCI6IjljOTFmODc4NTZjNjc0OGY4YTgxMTU0ZTYxMTVlMTY3MTEyMzVhZTciLCJfYXV0aF91c2VyX2JhY2tlbmQiOiJkamFuZ28uY29udHJpYi5hdXRoLmJhY2tlbmRzLk1vZGVsQmFja2VuZCIsIl9hdXRoX3VzZXJfaWQiOiI3YTJhNTgxNS01ZGU5LTRmMzQtOWM3YS01MzkyNmUxYmNiMzIiLCJyb3NldHRhX2NhY2hlX3N0b3JhZ2Vfa2V5X3ByZWZpeCI6IjNiZTc1MDkxYWU5YzM5ZWI1ZWU0Y2MyZTlmNWU3OTY0Y2U1NDQzZGYiLCJfbGFuZ3VhZ2UiOiJydSJ9	2017-09-02 12:14:33.798502+00
xsgs3tujmtavj246k5cf6uepb3d4wf6b	ZmJiZmQ1OTA2YzkzM2NkMjc4NDMxNWE0OGM3MGI0ZTQwYjFlN2ZkNDp7Il9sYW5ndWFnZSI6InJ1In0=	2017-08-28 11:42:44.633799+00
tp873s1spg2hy7gj7daxd93si7s3akf8	MmVlM2QyMDFiMmVmODMzOTFhZTBhZTY1YWM4ODBmZmUzMjAwZmIwNzp7InJvc2V0dGFfY2FjaGVfc3RvcmFnZV9rZXlfcHJlZml4IjoiODQ3ZWNlNjVhOGIzMTQ0MTllMmJkYTZiMDM1NWVhODViODE1MjhhZiIsIl9hdXRoX3VzZXJfaWQiOiI3YTJhNTgxNS01ZGU5LTRmMzQtOWM3YS01MzkyNmUxYmNiMzIiLCJfYXV0aF91c2VyX2hhc2giOiJhNWYzYjU3MmI3M2UwZDE3ZmVmNDVkNGQ4MGYwYWJhYWVjYTAzYmE0IiwiX2F1dGhfdXNlcl9iYWNrZW5kIjoiZGphbmdvLmNvbnRyaWIuYXV0aC5iYWNrZW5kcy5Nb2RlbEJhY2tlbmQiLCJfbGFuZ3VhZ2UiOiJlbiJ9	2017-09-01 08:30:47.338047+00
nlhtfyvs5dy7l59fongeqqkoxhjduc7n	YjE0YTNkMmU5MmM3Y2VmMTViMzAzMmFjOGU0NTQxZTZjOWNhZGMwZDp7InJvc2V0dGFfY2FjaGVfc3RvcmFnZV9rZXlfcHJlZml4IjoiOTJjYzBjZjVjYjRjZjYyYmIyZGJhYjA1NWExYjdmZTM5ZTMyNTcxYyIsIl9hdXRoX3VzZXJfaGFzaCI6ImE1ZjNiNTcyYjczZTBkMTdmZWY0NWQ0ZDgwZjBhYmFhZWNhMDNiYTQiLCJfYXV0aF91c2VyX2lkIjoiN2EyYTU4MTUtNWRlOS00ZjM0LTljN2EtNTM5MjZlMWJjYjMyIiwiX2F1dGhfdXNlcl9iYWNrZW5kIjoiZGphbmdvLmNvbnRyaWIuYXV0aC5iYWNrZW5kcy5Nb2RlbEJhY2tlbmQifQ==	2017-09-01 10:11:47.902869+00
q8fp4t16r4idu3i4i78hd34j1bd9if50	MDA2NGYxYjE0YzBkZjZhODk4M2RkOTA1MWJkMTNhMmM1NDQzNjQxZTp7Il9sYW5ndWFnZSI6ImVuIn0=	2017-09-01 13:04:00.327207+00
r5utr8lfnxsndpx2ppei8zhe68u9j2or	ZDg1MzJiZTlhOWFmNTg2OWZkZjIzZDdiMDNjZGFhNTBlZmZjZjc2ODp7Il9hdXRoX3VzZXJfaGFzaCI6IjljOTFmODc4NTZjNjc0OGY4YTgxMTU0ZTYxMTVlMTY3MTEyMzVhZTciLCJfYXV0aF91c2VyX2JhY2tlbmQiOiJkamFuZ28uY29udHJpYi5hdXRoLmJhY2tlbmRzLk1vZGVsQmFja2VuZCIsIl9hdXRoX3VzZXJfaWQiOiI3YTJhNTgxNS01ZGU5LTRmMzQtOWM3YS01MzkyNmUxYmNiMzIifQ==	2017-09-01 20:08:31.245729+00
sv7p9ack1wc6gv4y60tx14svjx5c01st	MDA2NGYxYjE0YzBkZjZhODk4M2RkOTA1MWJkMTNhMmM1NDQzNjQxZTp7Il9sYW5ndWFnZSI6ImVuIn0=	2017-08-28 19:58:30.028871+00
olalul7xaztbynlycb2ybbfw80vxsfcb	NTExZjM0MGFlYjQ4NmM1M2M3MTI0M2FmYzk4NTY0MWJlMTE1MzAxZDp7Il9hdXRoX3VzZXJfaGFzaCI6ImE1ZjNiNTcyYjczZTBkMTdmZWY0NWQ0ZDgwZjBhYmFhZWNhMDNiYTQiLCJfYXV0aF91c2VyX2lkIjoiN2EyYTU4MTUtNWRlOS00ZjM0LTljN2EtNTM5MjZlMWJjYjMyIiwiX2xhbmd1YWdlIjoicnUiLCJfYXV0aF91c2VyX2JhY2tlbmQiOiJkamFuZ28uY29udHJpYi5hdXRoLmJhY2tlbmRzLk1vZGVsQmFja2VuZCJ9	2017-08-29 21:19:52.583765+00
hx2hi83ycz7ybckzvob07vjdnswx3ih0	NTQ1ZTNkZWZkMDNlMzBlYWM3NGU3MjVkMzUyMDhiYzc5NGRkNjA1Njp7Il9hdXRoX3VzZXJfaWQiOiI3YTJhNTgxNS01ZGU5LTRmMzQtOWM3YS01MzkyNmUxYmNiMzIiLCJfYXV0aF91c2VyX2JhY2tlbmQiOiJkamFuZ28uY29udHJpYi5hdXRoLmJhY2tlbmRzLk1vZGVsQmFja2VuZCIsIl9hdXRoX3VzZXJfaGFzaCI6ImE1ZjNiNTcyYjczZTBkMTdmZWY0NWQ0ZDgwZjBhYmFhZWNhMDNiYTQifQ==	2017-08-30 12:48:42.712294+00
\.


--
-- Data for Name: djcelery_crontabschedule; Type: TABLE DATA; Schema: public; Owner: postgres
--

COPY djcelery_crontabschedule (id, minute, hour, day_of_week, day_of_month, month_of_year) FROM stdin;
\.


--
-- Name: djcelery_crontabschedule_id_seq; Type: SEQUENCE SET; Schema: public; Owner: postgres
--

SELECT pg_catalog.setval('djcelery_crontabschedule_id_seq', 1, false);


--
-- Data for Name: djcelery_intervalschedule; Type: TABLE DATA; Schema: public; Owner: postgres
--

COPY djcelery_intervalschedule (id, every, period) FROM stdin;
\.


--
-- Name: djcelery_intervalschedule_id_seq; Type: SEQUENCE SET; Schema: public; Owner: postgres
--

SELECT pg_catalog.setval('djcelery_intervalschedule_id_seq', 1, false);


--
-- Data for Name: djcelery_periodictask; Type: TABLE DATA; Schema: public; Owner: postgres
--

COPY djcelery_periodictask (id, name, task, args, kwargs, queue, exchange, routing_key, expires, enabled, last_run_at, total_run_count, date_changed, description, crontab_id, interval_id) FROM stdin;
\.


--
-- Name: djcelery_periodictask_id_seq; Type: SEQUENCE SET; Schema: public; Owner: postgres
--

SELECT pg_catalog.setval('djcelery_periodictask_id_seq', 1, false);


--
-- Data for Name: djcelery_periodictasks; Type: TABLE DATA; Schema: public; Owner: postgres
--

COPY djcelery_periodictasks (ident, last_update) FROM stdin;
\.


--
-- Data for Name: djcelery_taskstate; Type: TABLE DATA; Schema: public; Owner: postgres
--

COPY djcelery_taskstate (id, state, task_id, name, tstamp, args, kwargs, eta, expires, result, traceback, runtime, retries, hidden, worker_id) FROM stdin;
\.


--
-- Name: djcelery_taskstate_id_seq; Type: SEQUENCE SET; Schema: public; Owner: postgres
--

SELECT pg_catalog.setval('djcelery_taskstate_id_seq', 1, false);


--
-- Data for Name: djcelery_workerstate; Type: TABLE DATA; Schema: public; Owner: postgres
--

COPY djcelery_workerstate (id, hostname, last_heartbeat) FROM stdin;
\.


--
-- Name: djcelery_workerstate_id_seq; Type: SEQUENCE SET; Schema: public; Owner: postgres
--

SELECT pg_catalog.setval('djcelery_workerstate_id_seq', 1, false);


--
-- Data for Name: easy_thumbnails_source; Type: TABLE DATA; Schema: public; Owner: postgres
--

COPY easy_thumbnails_source (id, storage_hash, name, modified) FROM stdin;
1	f9bde26a1556cd667f742bd34ec7c55e	ic-pizza.png	2017-07-09 18:11:07.331717+00
26	f9bde26a1556cd667f742bd34ec7c55e	images/1f716057-3105-47b2-93e4-f0da2749964e.png	2017-08-19 08:54:53.848802+00
2	f9bde26a1556cd667f742bd34ec7c55e	images/8e84e5b1-ed48-4780-9538-214dace8b6e6.png	2017-07-09 18:12:30.114964+00
3	f9bde26a1556cd667f742bd34ec7c55e	act-back1.png	2017-07-10 18:37:26.540889+00
4	f9bde26a1556cd667f742bd34ec7c55e	act-back2.png	2017-07-10 18:37:38.320705+00
5	f9bde26a1556cd667f742bd34ec7c55e	act-back3.png	2017-07-10 18:39:22.658932+00
6	f9bde26a1556cd667f742bd34ec7c55e	ic-pizza_tN0gyS9.png	2017-07-12 08:34:44.064723+00
7	f9bde26a1556cd667f742bd34ec7c55e	ic-drinks.png	2017-07-12 08:34:59.245948+00
8	f9bde26a1556cd667f742bd34ec7c55e	ic-icecream.png	2017-07-12 08:35:22.112575+00
9	f9bde26a1556cd667f742bd34ec7c55e	images/7359cd18-f791-48d8-891f-671a1733d741.png	2017-07-12 08:40:34.210292+00
10	f9bde26a1556cd667f742bd34ec7c55e	images/710da22e-8add-494a-91bf-eda02952fe81.png	2017-07-27 12:27:57.122365+00
24	f9bde26a1556cd667f742bd34ec7c55e	pizza.png	2017-07-27 12:55:00.837121+00
45	f9bde26a1556cd667f742bd34ec7c55e	images/52cfc742-65c7-4244-abea-fcddda787f50.png	2017-08-19 09:49:58.101187+00
25	f9bde26a1556cd667f742bd34ec7c55e	images/ef15163d-2f85-46c6-ad0c-74daef5caaec.png	2017-07-27 18:39:27.084646+00
46	f9bde26a1556cd667f742bd34ec7c55e	images/c62b099f-41ab-4dad-9346-de3c28d45c49.png	2017-08-19 11:29:27.604147+00
11	f9bde26a1556cd667f742bd34ec7c55e	images/6015cba6-2e81-4471-baf9-fa8aef542364.png	2017-07-27 19:06:02.807193+00
50	f9bde26a1556cd667f742bd34ec7c55e	images/78bf1796-ad57-4987-bb98-3658fda1dae7.png	2017-08-19 06:13:17.047306+00
21	f9bde26a1556cd667f742bd34ec7c55e	images/8fcca6e7-e566-426e-b4dd-7931c25a6443.png	2017-08-07 16:01:08.027488+00
20	f9bde26a1556cd667f742bd34ec7c55e	images/c8699498-1fa8-4b18-9d5e-f9b6818dd620.png	2017-08-07 16:01:08.458395+00
22	f9bde26a1556cd667f742bd34ec7c55e	images/2c5a2d23-4e1e-48f6-a234-6ebb0af4e5e0.png	2017-08-07 16:01:08.946082+00
19	f9bde26a1556cd667f742bd34ec7c55e	images/9add25d4-dfb9-4912-8264-ee3826aff7e9.png	2017-08-07 16:01:09.834328+00
18	f9bde26a1556cd667f742bd34ec7c55e	images/75339084-b9b4-4f7b-ab4c-9346467267d1.png	2017-08-07 16:01:10.156209+00
17	f9bde26a1556cd667f742bd34ec7c55e	images/c86bb19c-c7f5-4274-87dc-a76ee6ec51fe.png	2017-08-07 16:01:10.545205+00
16	f9bde26a1556cd667f742bd34ec7c55e	images/785bb0af-3228-4597-90d4-024eef3cc6c5.png	2017-08-07 16:01:10.877029+00
15	f9bde26a1556cd667f742bd34ec7c55e	images/95f266c9-58e8-40b0-a775-d8cbb7265ccc.png	2017-08-07 16:01:11.983875+00
14	f9bde26a1556cd667f742bd34ec7c55e	images/edf2a340-a7b1-46b2-b557-4de09988d621.png	2017-08-07 16:01:12.433577+00
13	f9bde26a1556cd667f742bd34ec7c55e	images/1550d319-11de-440b-a535-5ce5acb6708f.png	2017-08-07 16:01:13.052654+00
12	f9bde26a1556cd667f742bd34ec7c55e	images/375354f1-5c09-45c8-9df3-3e026d4f404a.png	2017-08-07 16:01:13.802775+00
37	f9bde26a1556cd667f742bd34ec7c55e	images/3e3f63d8-9542-4fee-8376-620d4e445350.png	2017-08-19 11:29:33.293781+00
27	f9bde26a1556cd667f742bd34ec7c55e	images/16596aa2-5fa8-4492-a1b4-027fa32bcb7f.png	2017-08-09 05:04:41.493039+00
48	f9bde26a1556cd667f742bd34ec7c55e	images/c49bb2c3-cae9-4571-bebe-10f36466a513.png	2017-08-19 06:13:17.080236+00
30	f9bde26a1556cd667f742bd34ec7c55e	images/14f9ed84-6407-406e-adcf-cde1fca935b7.png	2017-08-19 12:14:45.534296+00
28	f9bde26a1556cd667f742bd34ec7c55e	images/b2a266bf-c2cb-4620-9a3f-95b1e53aa427.png	2017-08-19 06:13:16.809646+00
36	f9bde26a1556cd667f742bd34ec7c55e	images/3d56881a-27d9-48d4-9c98-35ada8537b1a.png	2017-08-19 08:18:37.620387+00
35	f9bde26a1556cd667f742bd34ec7c55e	images/a3b3accd-79b3-46a1-8266-568c12f8b3f3.png	2017-08-19 08:18:37.686269+00
34	f9bde26a1556cd667f742bd34ec7c55e	images/b943f256-de90-427e-beb8-dab15034be47.png	2017-08-19 08:18:37.732399+00
32	f9bde26a1556cd667f742bd34ec7c55e	images/3875a206-70ac-47eb-b310-9b0a836bf5d8.png	2017-08-19 08:18:37.763707+00
47	f9bde26a1556cd667f742bd34ec7c55e	images/5021bc66-897d-4f0d-8188-0c38a869662a.png	2017-08-19 08:18:37.127498+00
33	f9bde26a1556cd667f742bd34ec7c55e	images/79894c6f-7848-4694-bc38-ddbc729cd0d3.png	2017-08-19 08:18:37.794699+00
31	f9bde26a1556cd667f742bd34ec7c55e	images/cf589821-d9a7-4930-b97b-9b13d0fb92d8.png	2017-08-19 08:18:37.823777+00
40	f9bde26a1556cd667f742bd34ec7c55e	images/9f30716e-8d0e-4187-8bc2-c13c9d0f88fb.png	2017-08-19 08:18:37.279808+00
41	f9bde26a1556cd667f742bd34ec7c55e	images/0dab9e5c-ca00-49fc-89d0-5f8ab177e126.png	2017-08-17 12:58:34.840168+00
42	f9bde26a1556cd667f742bd34ec7c55e	images/ec579a26-58ef-4994-9202-383fe6212afe.png	2017-08-17 13:21:14.479019+00
23	f9bde26a1556cd667f742bd34ec7c55e	images/5f7a6785-d617-4cbb-a3fa-68da24c636e1.png	2017-08-19 08:18:37.392868+00
44	f9bde26a1556cd667f742bd34ec7c55e	images/392ec0da-b30a-4ff4-8b59-c1e4cae25c2f.png	2017-08-17 13:25:09.197203+00
49	f9bde26a1556cd667f742bd34ec7c55e	images/de975c98-6f9c-4e2d-9125-2c17ee6a79df.png	2017-08-19 06:13:16.951931+00
29	f9bde26a1556cd667f742bd34ec7c55e	images/a11cb9fe-5c1f-4b75-a4b7-20dc889b8cf5.png	2017-08-19 08:54:53.696236+00
39	f9bde26a1556cd667f742bd34ec7c55e	images/f72d7f53-78e9-4b49-8590-501ecaaa6869.png	2017-08-19 08:18:37.449475+00
38	f9bde26a1556cd667f742bd34ec7c55e	images/b3ff6791-1210-4fa4-9361-a8ccc10136b5.png	2017-08-19 08:18:37.503291+00
43	f9bde26a1556cd667f742bd34ec7c55e	images/2c7107fe-6515-45ae-905e-924c55b07bec.png	2017-08-19 08:54:53.797656+00
\.


--
-- Name: easy_thumbnails_source_id_seq; Type: SEQUENCE SET; Schema: public; Owner: postgres
--

SELECT pg_catalog.setval('easy_thumbnails_source_id_seq', 50, true);


--
-- Data for Name: easy_thumbnails_thumbnail; Type: TABLE DATA; Schema: public; Owner: postgres
--

COPY easy_thumbnails_thumbnail (id, storage_hash, name, modified, source_id) FROM stdin;
1	d26becbf46ac48eda79c7a39a13a02dd	images/8e84e5b1-ed48-4780-9538-214dace8b6e6.png.150x90_q85_crop.png	2017-07-09 18:11:38.579449+00	2
2	d26becbf46ac48eda79c7a39a13a02dd	images/8e84e5b1-ed48-4780-9538-214dace8b6e6.png.145x91_q85_crop.png	2017-07-09 18:12:29.913666+00	2
3	d26becbf46ac48eda79c7a39a13a02dd	images/8e84e5b1-ed48-4780-9538-214dace8b6e6.png.80x40_q85_crop.png	2017-07-09 18:12:30.121809+00	2
4	d26becbf46ac48eda79c7a39a13a02dd	images/7359cd18-f791-48d8-891f-671a1733d741.png.145x91_q85_crop.png	2017-07-12 08:38:12.20883+00	9
5	d26becbf46ac48eda79c7a39a13a02dd	images/7359cd18-f791-48d8-891f-671a1733d741.png.150x90_q85_crop.png	2017-07-12 08:40:21.66343+00	9
6	d26becbf46ac48eda79c7a39a13a02dd	images/7359cd18-f791-48d8-891f-671a1733d741.png.80x40_q85_crop.png	2017-07-12 08:40:34.217059+00	9
7	d26becbf46ac48eda79c7a39a13a02dd	images/710da22e-8add-494a-91bf-eda02952fe81.png.150x90_q85_crop.png	2017-07-27 12:27:57.127497+00	10
8	d26becbf46ac48eda79c7a39a13a02dd	images/6015cba6-2e81-4471-baf9-fa8aef542364.png.150x90_q85_crop.png	2017-07-27 12:35:15.062496+00	11
9	d26becbf46ac48eda79c7a39a13a02dd	pizza.png.150x90_q85_crop.png	2017-07-27 12:55:00.843632+00	24
10	d26becbf46ac48eda79c7a39a13a02dd	images/ef15163d-2f85-46c6-ad0c-74daef5caaec.png.150x90_q85_crop.png	2017-07-27 14:24:29.661569+00	25
11	d26becbf46ac48eda79c7a39a13a02dd	images/ef15163d-2f85-46c6-ad0c-74daef5caaec.png.145x91_q85_crop.png	2017-07-27 18:39:26.89234+00	25
12	d26becbf46ac48eda79c7a39a13a02dd	images/ef15163d-2f85-46c6-ad0c-74daef5caaec.png.80x40_q85_crop.png	2017-07-27 18:39:27.09037+00	25
13	d26becbf46ac48eda79c7a39a13a02dd	images/6015cba6-2e81-4471-baf9-fa8aef542364.png.145x91_q85_crop.png	2017-07-27 19:06:02.55244+00	11
14	d26becbf46ac48eda79c7a39a13a02dd	images/6015cba6-2e81-4471-baf9-fa8aef542364.png.80x40_q85_crop.png	2017-07-27 19:06:02.812709+00	11
15	d26becbf46ac48eda79c7a39a13a02dd	images/5f7a6785-d617-4cbb-a3fa-68da24c636e1.png.150x90_q85_crop.png	2017-08-07 16:01:06.913053+00	23
16	d26becbf46ac48eda79c7a39a13a02dd	images/8fcca6e7-e566-426e-b4dd-7931c25a6443.png.150x90_q85_crop.png	2017-08-07 16:01:08.044201+00	21
17	d26becbf46ac48eda79c7a39a13a02dd	images/c8699498-1fa8-4b18-9d5e-f9b6818dd620.png.150x90_q85_crop.png	2017-08-07 16:01:08.475282+00	20
18	d26becbf46ac48eda79c7a39a13a02dd	images/2c5a2d23-4e1e-48f6-a234-6ebb0af4e5e0.png.150x90_q85_crop.png	2017-08-07 16:01:08.978557+00	22
19	d26becbf46ac48eda79c7a39a13a02dd	images/9add25d4-dfb9-4912-8264-ee3826aff7e9.png.150x90_q85_crop.png	2017-08-07 16:01:09.855496+00	19
20	d26becbf46ac48eda79c7a39a13a02dd	images/75339084-b9b4-4f7b-ab4c-9346467267d1.png.150x90_q85_crop.png	2017-08-07 16:01:10.176181+00	18
21	d26becbf46ac48eda79c7a39a13a02dd	images/c86bb19c-c7f5-4274-87dc-a76ee6ec51fe.png.150x90_q85_crop.png	2017-08-07 16:01:10.582461+00	17
22	d26becbf46ac48eda79c7a39a13a02dd	images/785bb0af-3228-4597-90d4-024eef3cc6c5.png.150x90_q85_crop.png	2017-08-07 16:01:10.88337+00	16
23	d26becbf46ac48eda79c7a39a13a02dd	images/95f266c9-58e8-40b0-a775-d8cbb7265ccc.png.150x90_q85_crop.png	2017-08-07 16:01:11.988989+00	15
24	d26becbf46ac48eda79c7a39a13a02dd	images/edf2a340-a7b1-46b2-b557-4de09988d621.png.150x90_q85_crop.png	2017-08-07 16:01:12.439753+00	14
25	d26becbf46ac48eda79c7a39a13a02dd	images/1550d319-11de-440b-a535-5ce5acb6708f.png.150x90_q85_crop.png	2017-08-07 16:01:13.05915+00	13
26	d26becbf46ac48eda79c7a39a13a02dd	images/375354f1-5c09-45c8-9df3-3e026d4f404a.png.150x90_q85_crop.png	2017-08-07 16:01:13.811822+00	12
27	d26becbf46ac48eda79c7a39a13a02dd	images/1f716057-3105-47b2-93e4-f0da2749964e.png.150x90_q85_crop.png	2017-08-07 16:03:16.47004+00	26
28	d26becbf46ac48eda79c7a39a13a02dd	images/16596aa2-5fa8-4492-a1b4-027fa32bcb7f.png.150x90_q85_crop.png	2017-08-07 16:04:49.392921+00	27
29	d26becbf46ac48eda79c7a39a13a02dd	images/b2a266bf-c2cb-4620-9a3f-95b1e53aa427.png.150x90_q85_crop.png	2017-08-07 16:06:14.185844+00	28
30	d26becbf46ac48eda79c7a39a13a02dd	images/a11cb9fe-5c1f-4b75-a4b7-20dc889b8cf5.png.150x90_q85_crop.png	2017-08-07 16:07:21.333479+00	29
31	d26becbf46ac48eda79c7a39a13a02dd	images/14f9ed84-6407-406e-adcf-cde1fca935b7.png.150x90_q85_crop.png	2017-08-07 16:07:47.816601+00	30
32	d26becbf46ac48eda79c7a39a13a02dd	images/cf589821-d9a7-4930-b97b-9b13d0fb92d8.png.150x90_q85_crop.png	2017-08-07 16:08:45.806314+00	31
33	d26becbf46ac48eda79c7a39a13a02dd	images/3875a206-70ac-47eb-b310-9b0a836bf5d8.png.150x90_q85_crop.png	2017-08-07 16:11:35.903348+00	32
34	d26becbf46ac48eda79c7a39a13a02dd	images/79894c6f-7848-4694-bc38-ddbc729cd0d3.png.150x90_q85_crop.png	2017-08-07 16:12:10.180834+00	33
35	d26becbf46ac48eda79c7a39a13a02dd	images/b943f256-de90-427e-beb8-dab15034be47.png.150x90_q85_crop.png	2017-08-07 16:12:56.063488+00	34
36	d26becbf46ac48eda79c7a39a13a02dd	images/a3b3accd-79b3-46a1-8266-568c12f8b3f3.png.150x90_q85_crop.png	2017-08-07 16:14:01.608558+00	35
37	d26becbf46ac48eda79c7a39a13a02dd	images/3d56881a-27d9-48d4-9c98-35ada8537b1a.png.150x90_q85_crop.png	2017-08-07 16:14:35.831339+00	36
38	d26becbf46ac48eda79c7a39a13a02dd	images/3e3f63d8-9542-4fee-8376-620d4e445350.png.150x90_q85_crop.png	2017-08-07 16:15:11.620767+00	37
39	d26becbf46ac48eda79c7a39a13a02dd	images/b3ff6791-1210-4fa4-9361-a8ccc10136b5.png.150x90_q85_crop.png	2017-08-07 16:16:04.975278+00	38
40	d26becbf46ac48eda79c7a39a13a02dd	images/f72d7f53-78e9-4b49-8590-501ecaaa6869.png.150x90_q85_crop.png	2017-08-07 16:16:49.934954+00	39
41	d26becbf46ac48eda79c7a39a13a02dd	images/9f30716e-8d0e-4187-8bc2-c13c9d0f88fb.png.150x90_q85_crop.png	2017-08-07 16:17:18.348655+00	40
42	d26becbf46ac48eda79c7a39a13a02dd	images/a11cb9fe-5c1f-4b75-a4b7-20dc889b8cf5.png.145x91_q85_crop.png	2017-08-07 16:22:27.957814+00	29
43	d26becbf46ac48eda79c7a39a13a02dd	images/a11cb9fe-5c1f-4b75-a4b7-20dc889b8cf5.png.80x40_q85_crop.png	2017-08-07 16:22:27.985164+00	29
44	d26becbf46ac48eda79c7a39a13a02dd	images/16596aa2-5fa8-4492-a1b4-027fa32bcb7f.png.145x91_q85_crop.png	2017-08-07 16:22:28.044372+00	27
45	d26becbf46ac48eda79c7a39a13a02dd	images/1f716057-3105-47b2-93e4-f0da2749964e.png.145x91_q85_crop.png	2017-08-07 16:39:49.066191+00	26
46	d26becbf46ac48eda79c7a39a13a02dd	images/1f716057-3105-47b2-93e4-f0da2749964e.png.80x40_q85_crop.png	2017-08-07 16:39:49.095755+00	26
47	d26becbf46ac48eda79c7a39a13a02dd	images/9f30716e-8d0e-4187-8bc2-c13c9d0f88fb.png.145x91_q85_crop.png	2017-08-07 17:09:14.111684+00	40
48	d26becbf46ac48eda79c7a39a13a02dd	images/9f30716e-8d0e-4187-8bc2-c13c9d0f88fb.png.80x40_q85_crop.png	2017-08-07 17:09:14.473644+00	40
49	d26becbf46ac48eda79c7a39a13a02dd	images/14f9ed84-6407-406e-adcf-cde1fca935b7.png.145x91_q85_crop.png	2017-08-07 17:16:35.663308+00	30
50	d26becbf46ac48eda79c7a39a13a02dd	images/14f9ed84-6407-406e-adcf-cde1fca935b7.png.80x40_q85_crop.png	2017-08-07 17:16:35.908166+00	30
51	d26becbf46ac48eda79c7a39a13a02dd	images/b2a266bf-c2cb-4620-9a3f-95b1e53aa427.png.145x91_q85_crop.png	2017-08-07 17:17:02.914501+00	28
52	d26becbf46ac48eda79c7a39a13a02dd	images/b2a266bf-c2cb-4620-9a3f-95b1e53aa427.png.80x40_q85_crop.png	2017-08-07 17:17:03.162467+00	28
53	d26becbf46ac48eda79c7a39a13a02dd	images/3d56881a-27d9-48d4-9c98-35ada8537b1a.png.145x91_q85_crop.png	2017-08-08 10:50:25.631916+00	36
54	d26becbf46ac48eda79c7a39a13a02dd	images/3d56881a-27d9-48d4-9c98-35ada8537b1a.png.80x40_q85_crop.png	2017-08-08 10:50:25.826052+00	36
55	d26becbf46ac48eda79c7a39a13a02dd	images/16596aa2-5fa8-4492-a1b4-027fa32bcb7f.png.80x40_q85_crop.png	2017-08-09 05:04:41.501468+00	27
56	d26becbf46ac48eda79c7a39a13a02dd	images/79894c6f-7848-4694-bc38-ddbc729cd0d3.png.145x91_q85_crop.png	2017-08-09 10:47:49.052936+00	33
57	d26becbf46ac48eda79c7a39a13a02dd	images/79894c6f-7848-4694-bc38-ddbc729cd0d3.png.80x40_q85_crop.png	2017-08-09 10:47:49.468539+00	33
58	d26becbf46ac48eda79c7a39a13a02dd	images/b3ff6791-1210-4fa4-9361-a8ccc10136b5.png.145x91_q85_crop.png	2017-08-11 10:06:52.806441+00	38
59	d26becbf46ac48eda79c7a39a13a02dd	images/b3ff6791-1210-4fa4-9361-a8ccc10136b5.png.80x40_q85_crop.png	2017-08-11 10:06:53.030399+00	38
60	d26becbf46ac48eda79c7a39a13a02dd	images/5f7a6785-d617-4cbb-a3fa-68da24c636e1.png.145x91_q85_crop.png	2017-08-11 10:06:53.469533+00	23
61	d26becbf46ac48eda79c7a39a13a02dd	images/5f7a6785-d617-4cbb-a3fa-68da24c636e1.png.80x40_q85_crop.png	2017-08-11 10:06:53.667838+00	23
62	d26becbf46ac48eda79c7a39a13a02dd	images/f72d7f53-78e9-4b49-8590-501ecaaa6869.png.145x91_q85_crop.png	2017-08-11 12:19:32.281319+00	39
63	d26becbf46ac48eda79c7a39a13a02dd	images/f72d7f53-78e9-4b49-8590-501ecaaa6869.png.80x40_q85_crop.png	2017-08-11 12:19:32.487573+00	39
64	d26becbf46ac48eda79c7a39a13a02dd	images/0dab9e5c-ca00-49fc-89d0-5f8ab177e126.png.150x90_q85_crop.png	2017-08-17 12:58:34.845775+00	41
65	d26becbf46ac48eda79c7a39a13a02dd	images/ec579a26-58ef-4994-9202-383fe6212afe.png.150x90_q85_crop.png	2017-08-17 13:21:14.484821+00	42
66	d26becbf46ac48eda79c7a39a13a02dd	images/2c7107fe-6515-45ae-905e-924c55b07bec.png.150x90_q85_crop.png	2017-08-17 13:21:50.52177+00	43
67	d26becbf46ac48eda79c7a39a13a02dd	images/392ec0da-b30a-4ff4-8b59-c1e4cae25c2f.png.150x90_q85_crop.png	2017-08-17 13:25:09.203846+00	44
68	d26becbf46ac48eda79c7a39a13a02dd	images/52cfc742-65c7-4244-abea-fcddda787f50.png.150x90_q85_crop.png	2017-08-17 13:25:19.277037+00	45
69	d26becbf46ac48eda79c7a39a13a02dd	images/c62b099f-41ab-4dad-9346-de3c28d45c49.png.150x90_q85_crop.png	2017-08-17 13:27:26.824077+00	46
70	d26becbf46ac48eda79c7a39a13a02dd	images/52cfc742-65c7-4244-abea-fcddda787f50.png.145x91_q85_crop.png	2017-08-17 13:30:09.809667+00	45
71	d26becbf46ac48eda79c7a39a13a02dd	images/52cfc742-65c7-4244-abea-fcddda787f50.png.80x40_q85_crop.png	2017-08-17 13:30:10.173037+00	45
72	d26becbf46ac48eda79c7a39a13a02dd	images/5021bc66-897d-4f0d-8188-0c38a869662a.png.150x90_q85_crop.png	2017-08-17 16:30:53.291653+00	47
73	d26becbf46ac48eda79c7a39a13a02dd	images/c49bb2c3-cae9-4571-bebe-10f36466a513.png.150x90_q85_crop.png	2017-08-17 16:34:55.900007+00	48
74	d26becbf46ac48eda79c7a39a13a02dd	images/de975c98-6f9c-4e2d-9125-2c17ee6a79df.png.150x90_q85_crop.png	2017-08-17 16:47:00.584287+00	49
75	d26becbf46ac48eda79c7a39a13a02dd	images/78bf1796-ad57-4987-bb98-3658fda1dae7.png.150x90_q85_crop.png	2017-08-17 16:55:46.361316+00	50
76	d26becbf46ac48eda79c7a39a13a02dd	images/2c7107fe-6515-45ae-905e-924c55b07bec.png.145x91_q85_crop.png	2017-08-17 17:27:00.164684+00	43
77	d26becbf46ac48eda79c7a39a13a02dd	images/5021bc66-897d-4f0d-8188-0c38a869662a.png.145x91_q85_crop.png	2017-08-17 17:27:00.205982+00	47
78	d26becbf46ac48eda79c7a39a13a02dd	images/de975c98-6f9c-4e2d-9125-2c17ee6a79df.png.145x91_q85_crop.png	2017-08-17 17:27:00.238532+00	49
79	d26becbf46ac48eda79c7a39a13a02dd	images/c62b099f-41ab-4dad-9346-de3c28d45c49.png.145x91_q85_crop.png	2017-08-17 17:27:00.270358+00	46
80	d26becbf46ac48eda79c7a39a13a02dd	images/78bf1796-ad57-4987-bb98-3658fda1dae7.png.145x91_q85_crop.png	2017-08-17 17:27:00.314083+00	50
81	d26becbf46ac48eda79c7a39a13a02dd	images/c49bb2c3-cae9-4571-bebe-10f36466a513.png.145x91_q85_crop.png	2017-08-17 17:27:00.349418+00	48
82	d26becbf46ac48eda79c7a39a13a02dd	images/2c7107fe-6515-45ae-905e-924c55b07bec.png.80x40_q85_crop.png	2017-08-17 19:37:33.127993+00	43
83	d26becbf46ac48eda79c7a39a13a02dd	images/de975c98-6f9c-4e2d-9125-2c17ee6a79df.png.80x40_q85_crop.png	2017-08-18 11:51:25.637674+00	49
84	d26becbf46ac48eda79c7a39a13a02dd	images/cf589821-d9a7-4930-b97b-9b13d0fb92d8.png.145x91_q85_crop.png	2017-08-18 11:51:25.698401+00	31
85	d26becbf46ac48eda79c7a39a13a02dd	images/3e3f63d8-9542-4fee-8376-620d4e445350.png.145x91_q85_crop.png	2017-08-18 11:51:25.757406+00	37
86	d26becbf46ac48eda79c7a39a13a02dd	images/3875a206-70ac-47eb-b310-9b0a836bf5d8.png.145x91_q85_crop.png	2017-08-18 11:51:25.813981+00	32
87	d26becbf46ac48eda79c7a39a13a02dd	images/a3b3accd-79b3-46a1-8266-568c12f8b3f3.png.145x91_q85_crop.png	2017-08-18 11:51:25.878818+00	35
88	d26becbf46ac48eda79c7a39a13a02dd	images/b943f256-de90-427e-beb8-dab15034be47.png.145x91_q85_crop.png	2017-08-18 11:51:25.927647+00	34
89	d26becbf46ac48eda79c7a39a13a02dd	images/c49bb2c3-cae9-4571-bebe-10f36466a513.png.80x40_q85_crop.png	2017-08-18 11:51:26.416674+00	48
90	d26becbf46ac48eda79c7a39a13a02dd	images/c62b099f-41ab-4dad-9346-de3c28d45c49.png.80x40_q85_crop.png	2017-08-18 11:51:26.451843+00	46
91	d26becbf46ac48eda79c7a39a13a02dd	images/cf589821-d9a7-4930-b97b-9b13d0fb92d8.png.80x40_q85_crop.png	2017-08-18 16:46:06.004445+00	31
92	d26becbf46ac48eda79c7a39a13a02dd	images/a3b3accd-79b3-46a1-8266-568c12f8b3f3.png.80x40_q85_crop.png	2017-08-18 20:18:14.727307+00	35
93	d26becbf46ac48eda79c7a39a13a02dd	images/b2a266bf-c2cb-4620-9a3f-95b1e53aa427.png.145x91_q85.png	2017-08-19 06:13:16.783973+00	28
94	d26becbf46ac48eda79c7a39a13a02dd	images/b2a266bf-c2cb-4620-9a3f-95b1e53aa427.png.80x40_q85.png	2017-08-19 06:13:16.813725+00	28
95	d26becbf46ac48eda79c7a39a13a02dd	images/14f9ed84-6407-406e-adcf-cde1fca935b7.png.145x91_q85.png	2017-08-19 06:13:16.850153+00	30
96	d26becbf46ac48eda79c7a39a13a02dd	images/14f9ed84-6407-406e-adcf-cde1fca935b7.png.80x40_q85.png	2017-08-19 06:13:16.884758+00	30
97	d26becbf46ac48eda79c7a39a13a02dd	images/52cfc742-65c7-4244-abea-fcddda787f50.png.145x91_q85.png	2017-08-19 06:13:16.924825+00	45
98	d26becbf46ac48eda79c7a39a13a02dd	images/de975c98-6f9c-4e2d-9125-2c17ee6a79df.png.145x91_q85.png	2017-08-19 06:13:16.956052+00	49
99	d26becbf46ac48eda79c7a39a13a02dd	images/c62b099f-41ab-4dad-9346-de3c28d45c49.png.145x91_q85.png	2017-08-19 06:13:16.988294+00	46
100	d26becbf46ac48eda79c7a39a13a02dd	images/2c7107fe-6515-45ae-905e-924c55b07bec.png.145x91_q85.png	2017-08-19 06:13:17.021168+00	43
101	d26becbf46ac48eda79c7a39a13a02dd	images/78bf1796-ad57-4987-bb98-3658fda1dae7.png.145x91_q85.png	2017-08-19 06:13:17.051382+00	50
102	d26becbf46ac48eda79c7a39a13a02dd	images/c49bb2c3-cae9-4571-bebe-10f36466a513.png.145x91_q85.png	2017-08-19 06:13:17.084089+00	48
103	d26becbf46ac48eda79c7a39a13a02dd	images/5021bc66-897d-4f0d-8188-0c38a869662a.png.145x91_q85.png	2017-08-19 06:13:17.114553+00	47
104	d26becbf46ac48eda79c7a39a13a02dd	images/5021bc66-897d-4f0d-8188-0c38a869662a.png.80x40_q85.png	2017-08-19 08:18:37.135932+00	47
105	d26becbf46ac48eda79c7a39a13a02dd	images/9f30716e-8d0e-4187-8bc2-c13c9d0f88fb.png.145x91_q85.png	2017-08-19 08:18:37.287949+00	40
106	d26becbf46ac48eda79c7a39a13a02dd	images/1f716057-3105-47b2-93e4-f0da2749964e.png.145x91_q85.png	2017-08-19 08:18:37.348455+00	26
107	d26becbf46ac48eda79c7a39a13a02dd	images/5f7a6785-d617-4cbb-a3fa-68da24c636e1.png.145x91_q85.png	2017-08-19 08:18:37.398859+00	23
108	d26becbf46ac48eda79c7a39a13a02dd	images/f72d7f53-78e9-4b49-8590-501ecaaa6869.png.145x91_q85.png	2017-08-19 08:18:37.456891+00	39
109	d26becbf46ac48eda79c7a39a13a02dd	images/b3ff6791-1210-4fa4-9361-a8ccc10136b5.png.145x91_q85.png	2017-08-19 08:18:37.510668+00	38
110	d26becbf46ac48eda79c7a39a13a02dd	images/3e3f63d8-9542-4fee-8376-620d4e445350.png.145x91_q85.png	2017-08-19 08:18:37.56515+00	37
111	d26becbf46ac48eda79c7a39a13a02dd	images/3d56881a-27d9-48d4-9c98-35ada8537b1a.png.145x91_q85.png	2017-08-19 08:18:37.627594+00	36
112	d26becbf46ac48eda79c7a39a13a02dd	images/a3b3accd-79b3-46a1-8266-568c12f8b3f3.png.145x91_q85.png	2017-08-19 08:18:37.69354+00	35
113	d26becbf46ac48eda79c7a39a13a02dd	images/b943f256-de90-427e-beb8-dab15034be47.png.145x91_q85.png	2017-08-19 08:18:37.736173+00	34
114	d26becbf46ac48eda79c7a39a13a02dd	images/3875a206-70ac-47eb-b310-9b0a836bf5d8.png.145x91_q85.png	2017-08-19 08:18:37.768309+00	32
115	d26becbf46ac48eda79c7a39a13a02dd	images/79894c6f-7848-4694-bc38-ddbc729cd0d3.png.145x91_q85.png	2017-08-19 08:18:37.798204+00	33
116	d26becbf46ac48eda79c7a39a13a02dd	images/cf589821-d9a7-4930-b97b-9b13d0fb92d8.png.145x91_q85.png	2017-08-19 08:18:37.827316+00	31
117	d26becbf46ac48eda79c7a39a13a02dd	images/a11cb9fe-5c1f-4b75-a4b7-20dc889b8cf5.png.145x91_q85.png	2017-08-19 08:18:37.854257+00	29
118	d26becbf46ac48eda79c7a39a13a02dd	images/a11cb9fe-5c1f-4b75-a4b7-20dc889b8cf5.png.80x40_q85.png	2017-08-19 08:54:53.707578+00	29
119	d26becbf46ac48eda79c7a39a13a02dd	images/2c7107fe-6515-45ae-905e-924c55b07bec.png.80x40_q85.png	2017-08-19 08:54:53.800857+00	43
120	d26becbf46ac48eda79c7a39a13a02dd	images/1f716057-3105-47b2-93e4-f0da2749964e.png.80x40_q85.png	2017-08-19 08:54:53.851804+00	26
121	d26becbf46ac48eda79c7a39a13a02dd	images/52cfc742-65c7-4244-abea-fcddda787f50.png.80x40_q85.png	2017-08-19 09:49:58.106788+00	45
122	d26becbf46ac48eda79c7a39a13a02dd	images/c62b099f-41ab-4dad-9346-de3c28d45c49.png.80x40_q85.png	2017-08-19 11:29:27.613919+00	46
123	d26becbf46ac48eda79c7a39a13a02dd	images/3e3f63d8-9542-4fee-8376-620d4e445350.png.80x40_q85.png	2017-08-19 11:29:33.300121+00	37
124	d26becbf46ac48eda79c7a39a13a02dd	images/14f9ed84-6407-406e-adcf-cde1fca935b7.png.150x90_q85.png	2017-08-19 12:14:45.550266+00	30
\.


--
-- Name: easy_thumbnails_thumbnail_id_seq; Type: SEQUENCE SET; Schema: public; Owner: postgres
--

SELECT pg_catalog.setval('easy_thumbnails_thumbnail_id_seq', 124, true);


--
-- Data for Name: easy_thumbnails_thumbnaildimensions; Type: TABLE DATA; Schema: public; Owner: postgres
--

COPY easy_thumbnails_thumbnaildimensions (id, thumbnail_id, width, height) FROM stdin;
\.


--
-- Name: easy_thumbnails_thumbnaildimensions_id_seq; Type: SEQUENCE SET; Schema: public; Owner: postgres
--

SELECT pg_catalog.setval('easy_thumbnails_thumbnaildimensions_id_seq', 1, false);


--
-- Data for Name: jet_bookmark; Type: TABLE DATA; Schema: public; Owner: postgres
--

COPY jet_bookmark (id, url, title, "user", date_add) FROM stdin;
\.


--
-- Name: jet_bookmark_id_seq; Type: SEQUENCE SET; Schema: public; Owner: postgres
--

SELECT pg_catalog.setval('jet_bookmark_id_seq', 1, false);


--
-- Data for Name: jet_pinnedapplication; Type: TABLE DATA; Schema: public; Owner: postgres
--

COPY jet_pinnedapplication (id, app_label, "user", date_add) FROM stdin;
\.


--
-- Name: jet_pinnedapplication_id_seq; Type: SEQUENCE SET; Schema: public; Owner: postgres
--

SELECT pg_catalog.setval('jet_pinnedapplication_id_seq', 1, false);


--
-- Data for Name: users_appuser; Type: TABLE DATA; Schema: public; Owner: postgres
--

COPY users_appuser (password, last_login, is_superuser, id, phone, first_name, last_name, surname, email, is_staff, is_active, date_joined, email_confirmed) FROM stdin;
pbkdf2_sha256$36000$P6SN6JKpvjna$x6vfXPhub5v3YLIMX+dsJPgcUArPccNUVtgZ7bdxMlU=	2017-07-10 19:44:50+00	t	38d09070-ad5a-44d6-87be-c53a4993f6c7	+79996577330					t	t	2017-07-04 07:23:41+00	f
pbkdf2_sha256$36000$n0GFyTJNZWHR$MEKzOE4452GSjmYejgGRfnzLAMn31NKIAyAZD9H1SAo=	2017-07-30 19:00:55.395982+00	f	ebfd6f9f-e24a-42d1-be61-e12e4ecf77d5	+79041002648					t	t	2017-07-07 11:12:32+00	f
pbkdf2_sha256$36000$0SPiTkyYfSKw$pS2SPGdqTZjKB/eVs7NNDp/uThDF5PkkX8AEUr9ILxU=	2017-08-09 11:09:15.567141+00	f	559665ca-5d9f-4edd-9c74-e9774391b6b3	+79518308452					f	t	2017-08-09 11:08:42.968326+00	f
pbkdf2_sha256$36000$o3mLXfyN1P4p$yBMoSA7O0rCB2yxziHTHp/6Ty5Vrmb5Dx+yL3mfJ8hU=	2017-08-18 20:08:31.229055+00	t	7a2a5815-5de9-4f34-9c7a-53926e1bcb32	+79889501003				79889501003@yandex.ru	t	t	2017-07-04 07:22:48.682931+00	f
pbkdf2_sha256$36000$Ho3leQctDXbH$qlrBwTvLnGK0IYlNFn75jVff9Q02+MufzC2B8xy7qSk=	2017-07-26 19:34:08.713073+00	f	fd011ad1-273c-416d-a4dc-419a56e367a0	+79198912665					f	t	2017-07-26 18:51:47.436987+00	f
pbkdf2_sha256$36000$FHhpnXftPB5o$vhIUMw9PQn+IYGRO4vhI580/A7816ONDWo1fXDnAzEM=	2017-08-09 12:14:30+00	t	5d69ed35-645c-43f6-a8f6-b94d013036cc	+79213298454					t	t	2017-08-09 12:14:01+00	f
pbkdf2_sha256$36000$2TfAsm51pENi$lEC2iU6CUNDS33raDmklcXKjJAKza+GmY+uji5EHZ/8=	2017-08-10 09:25:00.807239+00	t	1f5b01f5-0e02-46dd-bfec-14c029da05b8	+79182051508					t	t	2017-08-09 11:02:25+00	f
pbkdf2_sha256$36000$npCgGvlCwCXt$Epm9tKiktJgEA5nKTfjn5cn5SDQS+grvPHbpkA/9Olw=	2017-08-11 11:57:17.047359+00	f	06dc1701-b8ce-4cf4-a78e-9b65f59078e5	+79214051298					f	t	2017-08-11 11:56:46.295619+00	f
\.


--
-- Data for Name: users_appuser_groups; Type: TABLE DATA; Schema: public; Owner: postgres
--

COPY users_appuser_groups (id, appuser_id, group_id) FROM stdin;
1	ebfd6f9f-e24a-42d1-be61-e12e4ecf77d5	1
\.


--
-- Name: users_appuser_groups_id_seq; Type: SEQUENCE SET; Schema: public; Owner: postgres
--

SELECT pg_catalog.setval('users_appuser_groups_id_seq', 2, true);


--
-- Data for Name: users_appuser_user_permissions; Type: TABLE DATA; Schema: public; Owner: postgres
--

COPY users_appuser_user_permissions (id, appuser_id, permission_id) FROM stdin;
\.


--
-- Name: users_appuser_user_permissions_id_seq; Type: SEQUENCE SET; Schema: public; Owner: postgres
--

SELECT pg_catalog.setval('users_appuser_user_permissions_id_seq', 3, true);


--
-- Data for Name: users_passworduser; Type: TABLE DATA; Schema: public; Owner: postgres
--

COPY users_passworduser (id, created_at, updated_at, password, user_id) FROM stdin;
1	2017-07-04 13:47:19.120896+00	2017-07-04 13:47:19.120982+00	pbkdf2_sha256$36000$5mzqrm5VoxNV$d0kWZFGn5O3TK922glzYQfF9jbybqpXUl8lKXOnp8cI=	7a2a5815-5de9-4f34-9c7a-53926e1bcb32
2	2017-07-04 13:47:30.811155+00	2017-07-04 13:47:30.81122+00	pbkdf2_sha256$36000$GftcNNrTNxyN$E6GmkZ5ocZbtq7PRuVQhrdiTRGozt2jNJ5MD83zb/iY=	7a2a5815-5de9-4f34-9c7a-53926e1bcb32
3	2017-07-04 13:47:34.630148+00	2017-07-04 13:47:34.63023+00	pbkdf2_sha256$36000$1N9iAyJezDUq$f8NtMBsJ79tXs0So1CWaFi+JpdxIRMJKnMiwW7Rjcdc=	7a2a5815-5de9-4f34-9c7a-53926e1bcb32
4	2017-07-06 14:33:54.263531+00	2017-07-06 14:33:54.263593+00	pbkdf2_sha256$36000$bZhD2XLlm9eL$Vnj5Kp7m0m4ftHPmEBJFXl/ehW/Mz/+QRFpwseKECdU=	7a2a5815-5de9-4f34-9c7a-53926e1bcb32
6	2017-07-07 11:12:32.663418+00	2017-07-07 11:12:32.66347+00	pbkdf2_sha256$36000$D7NsHLQwmTVm$PXsd2UblVtN/x9bLduky8VsfU6XQMQicE/Bzc9RlA2g=	ebfd6f9f-e24a-42d1-be61-e12e4ecf77d5
7	2017-07-07 11:14:13.164469+00	2017-07-07 11:14:13.164521+00	pbkdf2_sha256$36000$a3PZMVbgFYbX$gBSvREg0P3r2skUXwsfk8ETjf/tD1SfUdD/gQMBWrB4=	ebfd6f9f-e24a-42d1-be61-e12e4ecf77d5
8	2017-07-07 11:17:29.148025+00	2017-07-07 11:17:29.14808+00	pbkdf2_sha256$36000$S0Th1wiNxClD$hd3PMSqLdb+MfdO4ekLZdZ0SNT/xQ7MGIRXmRJlCIXw=	ebfd6f9f-e24a-42d1-be61-e12e4ecf77d5
12	2017-07-26 18:51:47.488424+00	2017-07-26 18:51:47.488484+00	pbkdf2_sha256$36000$ACnf47qCVtqz$M9aVaS9UAbNsVwt06lFzh9OouWf9IHwy9R2JGEMMGjA=	fd011ad1-273c-416d-a4dc-419a56e367a0
13	2017-07-26 19:18:57.897313+00	2017-07-26 19:18:57.8974+00	pbkdf2_sha256$36000$etffZ2cHIDmo$p4zOzqmJ9KI0ZDawglltqrg4RDvYzw9RspCgYUvrLAo=	7a2a5815-5de9-4f34-9c7a-53926e1bcb32
14	2017-07-26 19:30:42.642996+00	2017-07-26 19:30:42.643135+00	pbkdf2_sha256$36000$0INUTHEPsn64$UID8pVUAe9fOgHnn8N2/DCHDWHNOM2ZTSBBO7mDHiD8=	7a2a5815-5de9-4f34-9c7a-53926e1bcb32
15	2017-07-26 19:31:13.750574+00	2017-07-26 19:31:13.750655+00	pbkdf2_sha256$36000$nNtcMK6P0VQq$46vNJYEicIzfuIVmZI64QhquUK25SAWqh7NnwWGctfg=	7a2a5815-5de9-4f34-9c7a-53926e1bcb32
16	2017-07-26 19:32:06.999843+00	2017-07-26 19:32:06.999904+00	pbkdf2_sha256$36000$aJp5pRRNpNTz$7EcmSXa9KU93oUgSaDWArN8n4+ti2QV2jS+xmJ9demg=	7a2a5815-5de9-4f34-9c7a-53926e1bcb32
17	2017-07-26 19:33:35.919932+00	2017-07-26 19:33:35.92003+00	pbkdf2_sha256$36000$Ho3leQctDXbH$qlrBwTvLnGK0IYlNFn75jVff9Q02+MufzC2B8xy7qSk=	fd011ad1-273c-416d-a4dc-419a56e367a0
18	2017-07-27 12:15:27.603191+00	2017-07-27 12:15:27.603249+00	pbkdf2_sha256$36000$Vl0RsnPj5d5U$7ueQd1mloKupHJG+/T5EDpwRIFeOiKYAmaKD2jKN3K8=	7a2a5815-5de9-4f34-9c7a-53926e1bcb32
19	2017-07-29 18:55:11.934982+00	2017-07-29 18:55:11.93513+00	pbkdf2_sha256$36000$n0GFyTJNZWHR$MEKzOE4452GSjmYejgGRfnzLAMn31NKIAyAZD9H1SAo=	ebfd6f9f-e24a-42d1-be61-e12e4ecf77d5
20	2017-08-09 11:02:25.372681+00	2017-08-09 11:02:25.372724+00	pbkdf2_sha256$36000$2TfAsm51pENi$lEC2iU6CUNDS33raDmklcXKjJAKza+GmY+uji5EHZ/8=	1f5b01f5-0e02-46dd-bfec-14c029da05b8
21	2017-08-09 11:08:43.035553+00	2017-08-09 11:08:43.035594+00	pbkdf2_sha256$36000$0SPiTkyYfSKw$pS2SPGdqTZjKB/eVs7NNDp/uThDF5PkkX8AEUr9ILxU=	559665ca-5d9f-4edd-9c74-e9774391b6b3
22	2017-08-09 12:14:01.710656+00	2017-08-09 12:14:01.710716+00	pbkdf2_sha256$36000$FHhpnXftPB5o$vhIUMw9PQn+IYGRO4vhI580/A7816ONDWo1fXDnAzEM=	5d69ed35-645c-43f6-a8f6-b94d013036cc
23	2017-08-11 11:56:46.350286+00	2017-08-11 11:56:46.350364+00	pbkdf2_sha256$36000$npCgGvlCwCXt$Epm9tKiktJgEA5nKTfjn5cn5SDQS+grvPHbpkA/9Olw=	06dc1701-b8ce-4cf4-a78e-9b65f59078e5
24	2017-08-13 14:32:59.29137+00	2017-08-13 14:32:59.291497+00	pbkdf2_sha256$36000$fzqMDZxlHWG6$uo+VuTJeWyplUxGS6ULu/ugimXIBY0dkhJvtQ+KJ8O0=	7a2a5815-5de9-4f34-9c7a-53926e1bcb32
25	2017-08-18 19:17:34.764837+00	2017-08-18 19:17:34.764898+00	pbkdf2_sha256$36000$o3mLXfyN1P4p$yBMoSA7O0rCB2yxziHTHp/6Ty5Vrmb5Dx+yL3mfJ8hU=	7a2a5815-5de9-4f34-9c7a-53926e1bcb32
\.


--
-- Name: users_passworduser_id_seq; Type: SEQUENCE SET; Schema: public; Owner: postgres
--

SELECT pg_catalog.setval('users_passworduser_id_seq', 25, true);


--
-- Data for Name: users_phoneverification; Type: TABLE DATA; Schema: public; Owner: postgres
--

COPY users_phoneverification (id, session, phone, status, token, sms_code, sms_code_attempts, created_at, user_id) FROM stdin;
2	mf0oja15h1qql6rmh16n89inb2k35ixd	+79041002648	1	4bcfff4797989d591a929d8ce8f9431d5688567a125f695f73	166854	0	2017-07-07 11:12:32.601487+00	ebfd6f9f-e24a-42d1-be61-e12e4ecf77d5
3	mf0oja15h1qql6rmh16n89inb2k35ixd	+79041002648	1	80cb087f31e470e0cb40b79f15cfef4b29ab95ec4bcf45ab5e	596587	0	2017-07-07 11:14:13.105378+00	ebfd6f9f-e24a-42d1-be61-e12e4ecf77d5
4	mf0oja15h1qql6rmh16n89inb2k35ixd	+79041002648	2	3fc0d583e4b3e0f60eb45956588e72e05b7a9afe	327472	0	2017-07-07 11:17:29.085813+00	ebfd6f9f-e24a-42d1-be61-e12e4ecf77d5
8	uh7e50lzpuiwphnjg7rcsf00qw3zyz0m	+79198912665	1	103f03007e76d3c81966cf1b8dae9d89391648f18ce7dcb66f	980437	0	2017-07-26 18:51:47.443456+00	fd011ad1-273c-416d-a4dc-419a56e367a0
9	ydq2i2aop06vkt330ybmdxotdxdfmg2r	+79198912665	2	b30d81b888c06ed4646fdaaa4df51fd563a616de	057421	0	2017-07-26 19:33:35.862094+00	fd011ad1-273c-416d-a4dc-419a56e367a0
10	jr19rq01if2csv3l9518by37ku0troyj	+79182051508	2	d158ac53180402d6d239b848bd5e576cf9b892c2	468434	0	2017-08-09 11:02:25.324999+00	1f5b01f5-0e02-46dd-bfec-14c029da05b8
11	1n0j6g7v16b75t48wbztanqczbsoj7mq	+79518308452	2	2c6b3f16a3b6552abb0c5f21e822249ccee71288	070956	0	2017-08-09 11:08:42.97609+00	559665ca-5d9f-4edd-9c74-e9774391b6b3
12	6ix8u6wd9rr0d5zvsnojc57wli1ngdds	+79213298454	2	198a532264ec866522a5934940db4906b14fae54	823497	0	2017-08-09 12:14:01.641073+00	5d69ed35-645c-43f6-a8f6-b94d013036cc
13	1rgnppy7s6lszjmbz0rup4pg0lz29mjb	+79214051298	2	33eee06f6c5819f5b90761d1f73f63ac6b0bf8ca	475341	0	2017-08-11 11:56:46.30314+00	06dc1701-b8ce-4cf4-a78e-9b65f59078e5
\.


--
-- Name: users_phoneverification_id_seq; Type: SEQUENCE SET; Schema: public; Owner: postgres
--

SELECT pg_catalog.setval('users_phoneverification_id_seq', 13, true);


--
-- Name: auth_group_name_key; Type: CONSTRAINT; Schema: public; Owner: postgres; Tablespace: 
--

ALTER TABLE ONLY auth_group
    ADD CONSTRAINT auth_group_name_key UNIQUE (name);


--
-- Name: auth_group_permissions_group_id_permission_id_0cd325b0_uniq; Type: CONSTRAINT; Schema: public; Owner: postgres; Tablespace: 
--

ALTER TABLE ONLY auth_group_permissions
    ADD CONSTRAINT auth_group_permissions_group_id_permission_id_0cd325b0_uniq UNIQUE (group_id, permission_id);


--
-- Name: auth_group_permissions_pkey; Type: CONSTRAINT; Schema: public; Owner: postgres; Tablespace: 
--

ALTER TABLE ONLY auth_group_permissions
    ADD CONSTRAINT auth_group_permissions_pkey PRIMARY KEY (id);


--
-- Name: auth_group_pkey; Type: CONSTRAINT; Schema: public; Owner: postgres; Tablespace: 
--

ALTER TABLE ONLY auth_group
    ADD CONSTRAINT auth_group_pkey PRIMARY KEY (id);


--
-- Name: auth_permission_content_type_id_codename_01ab375a_uniq; Type: CONSTRAINT; Schema: public; Owner: postgres; Tablespace: 
--

ALTER TABLE ONLY auth_permission
    ADD CONSTRAINT auth_permission_content_type_id_codename_01ab375a_uniq UNIQUE (content_type_id, codename);


--
-- Name: auth_permission_pkey; Type: CONSTRAINT; Schema: public; Owner: postgres; Tablespace: 
--

ALTER TABLE ONLY auth_permission
    ADD CONSTRAINT auth_permission_pkey PRIMARY KEY (id);


--
-- Name: cart_address_pkey; Type: CONSTRAINT; Schema: public; Owner: postgres; Tablespace: 
--

ALTER TABLE ONLY cart_address
    ADD CONSTRAINT cart_address_pkey PRIMARY KEY (id);


--
-- Name: cart_cart_pkey; Type: CONSTRAINT; Schema: public; Owner: postgres; Tablespace: 
--

ALTER TABLE ONLY cart_cart
    ADD CONSTRAINT cart_cart_pkey PRIMARY KEY (id);


--
-- Name: cart_cartitem_pkey; Type: CONSTRAINT; Schema: public; Owner: postgres; Tablespace: 
--

ALTER TABLE ONLY cart_cartitem
    ADD CONSTRAINT cart_cartitem_pkey PRIMARY KEY (id);


--
-- Name: cart_order_address_id_key; Type: CONSTRAINT; Schema: public; Owner: postgres; Tablespace: 
--

ALTER TABLE ONLY cart_order
    ADD CONSTRAINT cart_order_address_id_key UNIQUE (address_id);


--
-- Name: cart_order_cart_id_key; Type: CONSTRAINT; Schema: public; Owner: postgres; Tablespace: 
--

ALTER TABLE ONLY cart_order
    ADD CONSTRAINT cart_order_cart_id_key UNIQUE (cart_id);


--
-- Name: cart_order_number_339a9cb2_uniq; Type: CONSTRAINT; Schema: public; Owner: postgres; Tablespace: 
--

ALTER TABLE ONLY cart_order
    ADD CONSTRAINT cart_order_number_339a9cb2_uniq UNIQUE (number);


--
-- Name: cart_order_pkey; Type: CONSTRAINT; Schema: public; Owner: postgres; Tablespace: 
--

ALTER TABLE ONLY cart_order
    ADD CONSTRAINT cart_order_pkey PRIMARY KEY (id);


--
-- Name: catalog_action_pkey; Type: CONSTRAINT; Schema: public; Owner: postgres; Tablespace: 
--

ALTER TABLE ONLY catalog_action
    ADD CONSTRAINT catalog_action_pkey PRIMARY KEY (id);


--
-- Name: catalog_action_translati_language_code_master_id_f01f0879_uniq; Type: CONSTRAINT; Schema: public; Owner: postgres; Tablespace: 
--

ALTER TABLE ONLY catalog_action_translation
    ADD CONSTRAINT catalog_action_translati_language_code_master_id_f01f0879_uniq UNIQUE (language_code, master_id);


--
-- Name: catalog_action_translation_pkey; Type: CONSTRAINT; Schema: public; Owner: postgres; Tablespace: 
--

ALTER TABLE ONLY catalog_action_translation
    ADD CONSTRAINT catalog_action_translation_pkey PRIMARY KEY (id);


--
-- Name: catalog_category_pkey; Type: CONSTRAINT; Schema: public; Owner: postgres; Tablespace: 
--

ALTER TABLE ONLY catalog_category
    ADD CONSTRAINT catalog_category_pkey PRIMARY KEY (id);


--
-- Name: catalog_category_transla_language_code_master_id_3f2f830b_uniq; Type: CONSTRAINT; Schema: public; Owner: postgres; Tablespace: 
--

ALTER TABLE ONLY catalog_category_translation
    ADD CONSTRAINT catalog_category_transla_language_code_master_id_3f2f830b_uniq UNIQUE (language_code, master_id);


--
-- Name: catalog_category_translation_pkey; Type: CONSTRAINT; Schema: public; Owner: postgres; Tablespace: 
--

ALTER TABLE ONLY catalog_category_translation
    ADD CONSTRAINT catalog_category_translation_pkey PRIMARY KEY (id);


--
-- Name: catalog_favoriteproduct_pkey; Type: CONSTRAINT; Schema: public; Owner: postgres; Tablespace: 
--

ALTER TABLE ONLY catalog_favoriteproduct
    ADD CONSTRAINT catalog_favoriteproduct_pkey PRIMARY KEY (id);


--
-- Name: catalog_image_pkey; Type: CONSTRAINT; Schema: public; Owner: postgres; Tablespace: 
--

ALTER TABLE ONLY catalog_image
    ADD CONSTRAINT catalog_image_pkey PRIMARY KEY (id);


--
-- Name: catalog_product_pkey; Type: CONSTRAINT; Schema: public; Owner: postgres; Tablespace: 
--

ALTER TABLE ONLY catalog_product
    ADD CONSTRAINT catalog_product_pkey PRIMARY KEY (id);


--
-- Name: catalog_product_specials_from_product_id_to_produ_98e5f2da_uniq; Type: CONSTRAINT; Schema: public; Owner: postgres; Tablespace: 
--

ALTER TABLE ONLY catalog_product_specials
    ADD CONSTRAINT catalog_product_specials_from_product_id_to_produ_98e5f2da_uniq UNIQUE (from_product_id, to_product_id);


--
-- Name: catalog_product_specials_pkey; Type: CONSTRAINT; Schema: public; Owner: postgres; Tablespace: 
--

ALTER TABLE ONLY catalog_product_specials
    ADD CONSTRAINT catalog_product_specials_pkey PRIMARY KEY (id);


--
-- Name: catalog_product_translat_language_code_master_id_c544708c_uniq; Type: CONSTRAINT; Schema: public; Owner: postgres; Tablespace: 
--

ALTER TABLE ONLY catalog_product_translation
    ADD CONSTRAINT catalog_product_translat_language_code_master_id_c544708c_uniq UNIQUE (language_code, master_id);


--
-- Name: catalog_product_translation_pkey; Type: CONSTRAINT; Schema: public; Owner: postgres; Tablespace: 
--

ALTER TABLE ONLY catalog_product_translation
    ADD CONSTRAINT catalog_product_translation_pkey PRIMARY KEY (id);


--
-- Name: catalog_productprice_pkey; Type: CONSTRAINT; Schema: public; Owner: postgres; Tablespace: 
--

ALTER TABLE ONLY catalog_productprice
    ADD CONSTRAINT catalog_productprice_pkey PRIMARY KEY (id);


--
-- Name: catalog_productprice_tra_language_code_master_id_7018289c_uniq; Type: CONSTRAINT; Schema: public; Owner: postgres; Tablespace: 
--

ALTER TABLE ONLY catalog_productprice_translation
    ADD CONSTRAINT catalog_productprice_tra_language_code_master_id_7018289c_uniq UNIQUE (language_code, master_id);


--
-- Name: catalog_productprice_translation_pkey; Type: CONSTRAINT; Schema: public; Owner: postgres; Tablespace: 
--

ALTER TABLE ONLY catalog_productprice_translation
    ADD CONSTRAINT catalog_productprice_translation_pkey PRIMARY KEY (id);


--
-- Name: celery_taskmeta_pkey; Type: CONSTRAINT; Schema: public; Owner: postgres; Tablespace: 
--

ALTER TABLE ONLY celery_taskmeta
    ADD CONSTRAINT celery_taskmeta_pkey PRIMARY KEY (id);


--
-- Name: celery_taskmeta_task_id_key; Type: CONSTRAINT; Schema: public; Owner: postgres; Tablespace: 
--

ALTER TABLE ONLY celery_taskmeta
    ADD CONSTRAINT celery_taskmeta_task_id_key UNIQUE (task_id);


--
-- Name: celery_tasksetmeta_pkey; Type: CONSTRAINT; Schema: public; Owner: postgres; Tablespace: 
--

ALTER TABLE ONLY celery_tasksetmeta
    ADD CONSTRAINT celery_tasksetmeta_pkey PRIMARY KEY (id);


--
-- Name: celery_tasksetmeta_taskset_id_key; Type: CONSTRAINT; Schema: public; Owner: postgres; Tablespace: 
--

ALTER TABLE ONLY celery_tasksetmeta
    ADD CONSTRAINT celery_tasksetmeta_taskset_id_key UNIQUE (taskset_id);


--
-- Name: core_action_pkey; Type: CONSTRAINT; Schema: public; Owner: postgres; Tablespace: 
--

ALTER TABLE ONLY core_action
    ADD CONSTRAINT core_action_pkey PRIMARY KEY (id);


--
-- Name: core_action_translation_language_code_master_id_5bee517f_uniq; Type: CONSTRAINT; Schema: public; Owner: postgres; Tablespace: 
--

ALTER TABLE ONLY core_action_translation
    ADD CONSTRAINT core_action_translation_language_code_master_id_5bee517f_uniq UNIQUE (language_code, master_id);


--
-- Name: core_action_translation_pkey; Type: CONSTRAINT; Schema: public; Owner: postgres; Tablespace: 
--

ALTER TABLE ONLY core_action_translation
    ADD CONSTRAINT core_action_translation_pkey PRIMARY KEY (id);


--
-- Name: core_availablestreet_pkey; Type: CONSTRAINT; Schema: public; Owner: postgres; Tablespace: 
--

ALTER TABLE ONLY core_availablestreet
    ADD CONSTRAINT core_availablestreet_pkey PRIMARY KEY (id);


--
-- Name: core_availablestreet_tra_language_code_master_id_b0f408f3_uniq; Type: CONSTRAINT; Schema: public; Owner: postgres; Tablespace: 
--

ALTER TABLE ONLY core_availablestreet_translation
    ADD CONSTRAINT core_availablestreet_tra_language_code_master_id_b0f408f3_uniq UNIQUE (language_code, master_id);


--
-- Name: core_availablestreet_translation_pkey; Type: CONSTRAINT; Schema: public; Owner: postgres; Tablespace: 
--

ALTER TABLE ONLY core_availablestreet_translation
    ADD CONSTRAINT core_availablestreet_translation_pkey PRIMARY KEY (id);


--
-- Name: core_siteconfiguration_pkey; Type: CONSTRAINT; Schema: public; Owner: postgres; Tablespace: 
--

ALTER TABLE ONLY core_siteconfiguration
    ADD CONSTRAINT core_siteconfiguration_pkey PRIMARY KEY (id);


--
-- Name: core_siteconfiguration_t_language_code_master_id_365257a6_uniq; Type: CONSTRAINT; Schema: public; Owner: postgres; Tablespace: 
--

ALTER TABLE ONLY core_siteconfiguration_translation
    ADD CONSTRAINT core_siteconfiguration_t_language_code_master_id_365257a6_uniq UNIQUE (language_code, master_id);


--
-- Name: core_siteconfiguration_translation_pkey; Type: CONSTRAINT; Schema: public; Owner: postgres; Tablespace: 
--

ALTER TABLE ONLY core_siteconfiguration_translation
    ADD CONSTRAINT core_siteconfiguration_translation_pkey PRIMARY KEY (id);


--
-- Name: core_sliderimage_pkey; Type: CONSTRAINT; Schema: public; Owner: postgres; Tablespace: 
--

ALTER TABLE ONLY core_sliderimage
    ADD CONSTRAINT core_sliderimage_pkey PRIMARY KEY (id);


--
-- Name: core_smstemplate_pkey; Type: CONSTRAINT; Schema: public; Owner: postgres; Tablespace: 
--

ALTER TABLE ONLY core_smstemplate
    ADD CONSTRAINT core_smstemplate_pkey PRIMARY KEY (id);


--
-- Name: core_smstemplate_slug_key; Type: CONSTRAINT; Schema: public; Owner: postgres; Tablespace: 
--

ALTER TABLE ONLY core_smstemplate
    ADD CONSTRAINT core_smstemplate_slug_key UNIQUE (slug);


--
-- Name: core_sociallink_pkey; Type: CONSTRAINT; Schema: public; Owner: postgres; Tablespace: 
--

ALTER TABLE ONLY core_sociallink
    ADD CONSTRAINT core_sociallink_pkey PRIMARY KEY (id);


--
-- Name: django_admin_log_pkey; Type: CONSTRAINT; Schema: public; Owner: postgres; Tablespace: 
--

ALTER TABLE ONLY django_admin_log
    ADD CONSTRAINT django_admin_log_pkey PRIMARY KEY (id);


--
-- Name: django_content_type_app_label_model_76bd3d3b_uniq; Type: CONSTRAINT; Schema: public; Owner: postgres; Tablespace: 
--

ALTER TABLE ONLY django_content_type
    ADD CONSTRAINT django_content_type_app_label_model_76bd3d3b_uniq UNIQUE (app_label, model);


--
-- Name: django_content_type_pkey; Type: CONSTRAINT; Schema: public; Owner: postgres; Tablespace: 
--

ALTER TABLE ONLY django_content_type
    ADD CONSTRAINT django_content_type_pkey PRIMARY KEY (id);


--
-- Name: django_migrations_pkey; Type: CONSTRAINT; Schema: public; Owner: postgres; Tablespace: 
--

ALTER TABLE ONLY django_migrations
    ADD CONSTRAINT django_migrations_pkey PRIMARY KEY (id);


--
-- Name: django_session_pkey; Type: CONSTRAINT; Schema: public; Owner: postgres; Tablespace: 
--

ALTER TABLE ONLY django_session
    ADD CONSTRAINT django_session_pkey PRIMARY KEY (session_key);


--
-- Name: djcelery_crontabschedule_pkey; Type: CONSTRAINT; Schema: public; Owner: postgres; Tablespace: 
--

ALTER TABLE ONLY djcelery_crontabschedule
    ADD CONSTRAINT djcelery_crontabschedule_pkey PRIMARY KEY (id);


--
-- Name: djcelery_intervalschedule_pkey; Type: CONSTRAINT; Schema: public; Owner: postgres; Tablespace: 
--

ALTER TABLE ONLY djcelery_intervalschedule
    ADD CONSTRAINT djcelery_intervalschedule_pkey PRIMARY KEY (id);


--
-- Name: djcelery_periodictask_name_key; Type: CONSTRAINT; Schema: public; Owner: postgres; Tablespace: 
--

ALTER TABLE ONLY djcelery_periodictask
    ADD CONSTRAINT djcelery_periodictask_name_key UNIQUE (name);


--
-- Name: djcelery_periodictask_pkey; Type: CONSTRAINT; Schema: public; Owner: postgres; Tablespace: 
--

ALTER TABLE ONLY djcelery_periodictask
    ADD CONSTRAINT djcelery_periodictask_pkey PRIMARY KEY (id);


--
-- Name: djcelery_periodictasks_pkey; Type: CONSTRAINT; Schema: public; Owner: postgres; Tablespace: 
--

ALTER TABLE ONLY djcelery_periodictasks
    ADD CONSTRAINT djcelery_periodictasks_pkey PRIMARY KEY (ident);


--
-- Name: djcelery_taskstate_pkey; Type: CONSTRAINT; Schema: public; Owner: postgres; Tablespace: 
--

ALTER TABLE ONLY djcelery_taskstate
    ADD CONSTRAINT djcelery_taskstate_pkey PRIMARY KEY (id);


--
-- Name: djcelery_taskstate_task_id_key; Type: CONSTRAINT; Schema: public; Owner: postgres; Tablespace: 
--

ALTER TABLE ONLY djcelery_taskstate
    ADD CONSTRAINT djcelery_taskstate_task_id_key UNIQUE (task_id);


--
-- Name: djcelery_workerstate_hostname_key; Type: CONSTRAINT; Schema: public; Owner: postgres; Tablespace: 
--

ALTER TABLE ONLY djcelery_workerstate
    ADD CONSTRAINT djcelery_workerstate_hostname_key UNIQUE (hostname);


--
-- Name: djcelery_workerstate_pkey; Type: CONSTRAINT; Schema: public; Owner: postgres; Tablespace: 
--

ALTER TABLE ONLY djcelery_workerstate
    ADD CONSTRAINT djcelery_workerstate_pkey PRIMARY KEY (id);


--
-- Name: easy_thumbnails_source_pkey; Type: CONSTRAINT; Schema: public; Owner: postgres; Tablespace: 
--

ALTER TABLE ONLY easy_thumbnails_source
    ADD CONSTRAINT easy_thumbnails_source_pkey PRIMARY KEY (id);


--
-- Name: easy_thumbnails_source_storage_hash_name_481ce32d_uniq; Type: CONSTRAINT; Schema: public; Owner: postgres; Tablespace: 
--

ALTER TABLE ONLY easy_thumbnails_source
    ADD CONSTRAINT easy_thumbnails_source_storage_hash_name_481ce32d_uniq UNIQUE (storage_hash, name);


--
-- Name: easy_thumbnails_thumbnai_storage_hash_name_source_fb375270_uniq; Type: CONSTRAINT; Schema: public; Owner: postgres; Tablespace: 
--

ALTER TABLE ONLY easy_thumbnails_thumbnail
    ADD CONSTRAINT easy_thumbnails_thumbnai_storage_hash_name_source_fb375270_uniq UNIQUE (storage_hash, name, source_id);


--
-- Name: easy_thumbnails_thumbnail_pkey; Type: CONSTRAINT; Schema: public; Owner: postgres; Tablespace: 
--

ALTER TABLE ONLY easy_thumbnails_thumbnail
    ADD CONSTRAINT easy_thumbnails_thumbnail_pkey PRIMARY KEY (id);


--
-- Name: easy_thumbnails_thumbnaildimensions_pkey; Type: CONSTRAINT; Schema: public; Owner: postgres; Tablespace: 
--

ALTER TABLE ONLY easy_thumbnails_thumbnaildimensions
    ADD CONSTRAINT easy_thumbnails_thumbnaildimensions_pkey PRIMARY KEY (id);


--
-- Name: easy_thumbnails_thumbnaildimensions_thumbnail_id_key; Type: CONSTRAINT; Schema: public; Owner: postgres; Tablespace: 
--

ALTER TABLE ONLY easy_thumbnails_thumbnaildimensions
    ADD CONSTRAINT easy_thumbnails_thumbnaildimensions_thumbnail_id_key UNIQUE (thumbnail_id);


--
-- Name: jet_bookmark_pkey; Type: CONSTRAINT; Schema: public; Owner: postgres; Tablespace: 
--

ALTER TABLE ONLY jet_bookmark
    ADD CONSTRAINT jet_bookmark_pkey PRIMARY KEY (id);


--
-- Name: jet_pinnedapplication_pkey; Type: CONSTRAINT; Schema: public; Owner: postgres; Tablespace: 
--

ALTER TABLE ONLY jet_pinnedapplication
    ADD CONSTRAINT jet_pinnedapplication_pkey PRIMARY KEY (id);


--
-- Name: users_appuser_groups_appuser_id_group_id_43290bd6_uniq; Type: CONSTRAINT; Schema: public; Owner: postgres; Tablespace: 
--

ALTER TABLE ONLY users_appuser_groups
    ADD CONSTRAINT users_appuser_groups_appuser_id_group_id_43290bd6_uniq UNIQUE (appuser_id, group_id);


--
-- Name: users_appuser_groups_pkey; Type: CONSTRAINT; Schema: public; Owner: postgres; Tablespace: 
--

ALTER TABLE ONLY users_appuser_groups
    ADD CONSTRAINT users_appuser_groups_pkey PRIMARY KEY (id);


--
-- Name: users_appuser_phone_key; Type: CONSTRAINT; Schema: public; Owner: postgres; Tablespace: 
--

ALTER TABLE ONLY users_appuser
    ADD CONSTRAINT users_appuser_phone_key UNIQUE (phone);


--
-- Name: users_appuser_pkey; Type: CONSTRAINT; Schema: public; Owner: postgres; Tablespace: 
--

ALTER TABLE ONLY users_appuser
    ADD CONSTRAINT users_appuser_pkey PRIMARY KEY (id);


--
-- Name: users_appuser_user_permi_appuser_id_permission_id_2e1d87b7_uniq; Type: CONSTRAINT; Schema: public; Owner: postgres; Tablespace: 
--

ALTER TABLE ONLY users_appuser_user_permissions
    ADD CONSTRAINT users_appuser_user_permi_appuser_id_permission_id_2e1d87b7_uniq UNIQUE (appuser_id, permission_id);


--
-- Name: users_appuser_user_permissions_pkey; Type: CONSTRAINT; Schema: public; Owner: postgres; Tablespace: 
--

ALTER TABLE ONLY users_appuser_user_permissions
    ADD CONSTRAINT users_appuser_user_permissions_pkey PRIMARY KEY (id);


--
-- Name: users_passworduser_pkey; Type: CONSTRAINT; Schema: public; Owner: postgres; Tablespace: 
--

ALTER TABLE ONLY users_passworduser
    ADD CONSTRAINT users_passworduser_pkey PRIMARY KEY (id);


--
-- Name: users_phoneverification_pkey; Type: CONSTRAINT; Schema: public; Owner: postgres; Tablespace: 
--

ALTER TABLE ONLY users_phoneverification
    ADD CONSTRAINT users_phoneverification_pkey PRIMARY KEY (id);


--
-- Name: users_phoneverification_status_token_587ecd20_uniq; Type: CONSTRAINT; Schema: public; Owner: postgres; Tablespace: 
--

ALTER TABLE ONLY users_phoneverification
    ADD CONSTRAINT users_phoneverification_status_token_587ecd20_uniq UNIQUE (status, token);


--
-- Name: auth_group_name_a6ea08ec_like; Type: INDEX; Schema: public; Owner: postgres; Tablespace: 
--

CREATE INDEX auth_group_name_a6ea08ec_like ON auth_group USING btree (name varchar_pattern_ops);


--
-- Name: auth_group_permissions_group_id_b120cbf9; Type: INDEX; Schema: public; Owner: postgres; Tablespace: 
--

CREATE INDEX auth_group_permissions_group_id_b120cbf9 ON auth_group_permissions USING btree (group_id);


--
-- Name: auth_group_permissions_permission_id_84c5c92e; Type: INDEX; Schema: public; Owner: postgres; Tablespace: 
--

CREATE INDEX auth_group_permissions_permission_id_84c5c92e ON auth_group_permissions USING btree (permission_id);


--
-- Name: auth_permission_content_type_id_2f476e4b; Type: INDEX; Schema: public; Owner: postgres; Tablespace: 
--

CREATE INDEX auth_permission_content_type_id_2f476e4b ON auth_permission USING btree (content_type_id);


--
-- Name: cart_cart_user_id_9b4220b9; Type: INDEX; Schema: public; Owner: postgres; Tablespace: 
--

CREATE INDEX cart_cart_user_id_9b4220b9 ON cart_cart USING btree (user_id);


--
-- Name: cart_cartitem_cart_id_370ad265; Type: INDEX; Schema: public; Owner: postgres; Tablespace: 
--

CREATE INDEX cart_cartitem_cart_id_370ad265 ON cart_cartitem USING btree (cart_id);


--
-- Name: cart_cartitem_price_id_a4c7eb6d; Type: INDEX; Schema: public; Owner: postgres; Tablespace: 
--

CREATE INDEX cart_cartitem_price_id_a4c7eb6d ON cart_cartitem USING btree (price_id);


--
-- Name: cart_order_user_id_279b5d53; Type: INDEX; Schema: public; Owner: postgres; Tablespace: 
--

CREATE INDEX cart_order_user_id_279b5d53 ON cart_order USING btree (user_id);


--
-- Name: catalog_action_translation_language_code_e55869b9; Type: INDEX; Schema: public; Owner: postgres; Tablespace: 
--

CREATE INDEX catalog_action_translation_language_code_e55869b9 ON catalog_action_translation USING btree (language_code);


--
-- Name: catalog_action_translation_language_code_e55869b9_like; Type: INDEX; Schema: public; Owner: postgres; Tablespace: 
--

CREATE INDEX catalog_action_translation_language_code_e55869b9_like ON catalog_action_translation USING btree (language_code varchar_pattern_ops);


--
-- Name: catalog_action_translation_master_id_7128f09b; Type: INDEX; Schema: public; Owner: postgres; Tablespace: 
--

CREATE INDEX catalog_action_translation_master_id_7128f09b ON catalog_action_translation USING btree (master_id);


--
-- Name: catalog_category_translation_language_code_e698d984; Type: INDEX; Schema: public; Owner: postgres; Tablespace: 
--

CREATE INDEX catalog_category_translation_language_code_e698d984 ON catalog_category_translation USING btree (language_code);


--
-- Name: catalog_category_translation_language_code_e698d984_like; Type: INDEX; Schema: public; Owner: postgres; Tablespace: 
--

CREATE INDEX catalog_category_translation_language_code_e698d984_like ON catalog_category_translation USING btree (language_code varchar_pattern_ops);


--
-- Name: catalog_category_translation_master_id_472f6ace; Type: INDEX; Schema: public; Owner: postgres; Tablespace: 
--

CREATE INDEX catalog_category_translation_master_id_472f6ace ON catalog_category_translation USING btree (master_id);


--
-- Name: catalog_favoriteproduct_product_id_3cbd65b3; Type: INDEX; Schema: public; Owner: postgres; Tablespace: 
--

CREATE INDEX catalog_favoriteproduct_product_id_3cbd65b3 ON catalog_favoriteproduct USING btree (product_id);


--
-- Name: catalog_favoriteproduct_user_id_5845ac83; Type: INDEX; Schema: public; Owner: postgres; Tablespace: 
--

CREATE INDEX catalog_favoriteproduct_user_id_5845ac83 ON catalog_favoriteproduct USING btree (user_id);


--
-- Name: catalog_image_content_type_id_27ed970b; Type: INDEX; Schema: public; Owner: postgres; Tablespace: 
--

CREATE INDEX catalog_image_content_type_id_27ed970b ON catalog_image USING btree (content_type_id);


--
-- Name: catalog_product_action_id_884fd75d; Type: INDEX; Schema: public; Owner: postgres; Tablespace: 
--

CREATE INDEX catalog_product_action_id_884fd75d ON catalog_product USING btree (action_id);


--
-- Name: catalog_product_category_id_35bf920b; Type: INDEX; Schema: public; Owner: postgres; Tablespace: 
--

CREATE INDEX catalog_product_category_id_35bf920b ON catalog_product USING btree (category_id);


--
-- Name: catalog_product_specials_from_product_id_eeab9057; Type: INDEX; Schema: public; Owner: postgres; Tablespace: 
--

CREATE INDEX catalog_product_specials_from_product_id_eeab9057 ON catalog_product_specials USING btree (from_product_id);


--
-- Name: catalog_product_specials_to_product_id_d8ee2436; Type: INDEX; Schema: public; Owner: postgres; Tablespace: 
--

CREATE INDEX catalog_product_specials_to_product_id_d8ee2436 ON catalog_product_specials USING btree (to_product_id);


--
-- Name: catalog_product_translation_language_code_e189d638; Type: INDEX; Schema: public; Owner: postgres; Tablespace: 
--

CREATE INDEX catalog_product_translation_language_code_e189d638 ON catalog_product_translation USING btree (language_code);


--
-- Name: catalog_product_translation_language_code_e189d638_like; Type: INDEX; Schema: public; Owner: postgres; Tablespace: 
--

CREATE INDEX catalog_product_translation_language_code_e189d638_like ON catalog_product_translation USING btree (language_code varchar_pattern_ops);


--
-- Name: catalog_product_translation_master_id_f31e6034; Type: INDEX; Schema: public; Owner: postgres; Tablespace: 
--

CREATE INDEX catalog_product_translation_master_id_f31e6034 ON catalog_product_translation USING btree (master_id);


--
-- Name: catalog_productprice_product_id_9195f876; Type: INDEX; Schema: public; Owner: postgres; Tablespace: 
--

CREATE INDEX catalog_productprice_product_id_9195f876 ON catalog_productprice USING btree (product_id);


--
-- Name: catalog_productprice_translation_language_code_634979a3; Type: INDEX; Schema: public; Owner: postgres; Tablespace: 
--

CREATE INDEX catalog_productprice_translation_language_code_634979a3 ON catalog_productprice_translation USING btree (language_code);


--
-- Name: catalog_productprice_translation_language_code_634979a3_like; Type: INDEX; Schema: public; Owner: postgres; Tablespace: 
--

CREATE INDEX catalog_productprice_translation_language_code_634979a3_like ON catalog_productprice_translation USING btree (language_code varchar_pattern_ops);


--
-- Name: catalog_productprice_translation_master_id_cba89a17; Type: INDEX; Schema: public; Owner: postgres; Tablespace: 
--

CREATE INDEX catalog_productprice_translation_master_id_cba89a17 ON catalog_productprice_translation USING btree (master_id);


--
-- Name: celery_taskmeta_hidden_23fd02dc; Type: INDEX; Schema: public; Owner: postgres; Tablespace: 
--

CREATE INDEX celery_taskmeta_hidden_23fd02dc ON celery_taskmeta USING btree (hidden);


--
-- Name: celery_taskmeta_task_id_9558b198_like; Type: INDEX; Schema: public; Owner: postgres; Tablespace: 
--

CREATE INDEX celery_taskmeta_task_id_9558b198_like ON celery_taskmeta USING btree (task_id varchar_pattern_ops);


--
-- Name: celery_tasksetmeta_hidden_593cfc24; Type: INDEX; Schema: public; Owner: postgres; Tablespace: 
--

CREATE INDEX celery_tasksetmeta_hidden_593cfc24 ON celery_tasksetmeta USING btree (hidden);


--
-- Name: celery_tasksetmeta_taskset_id_a5a1d4ae_like; Type: INDEX; Schema: public; Owner: postgres; Tablespace: 
--

CREATE INDEX celery_tasksetmeta_taskset_id_a5a1d4ae_like ON celery_tasksetmeta USING btree (taskset_id varchar_pattern_ops);


--
-- Name: core_action_translation_language_code_c25303f7; Type: INDEX; Schema: public; Owner: postgres; Tablespace: 
--

CREATE INDEX core_action_translation_language_code_c25303f7 ON core_action_translation USING btree (language_code);


--
-- Name: core_action_translation_language_code_c25303f7_like; Type: INDEX; Schema: public; Owner: postgres; Tablespace: 
--

CREATE INDEX core_action_translation_language_code_c25303f7_like ON core_action_translation USING btree (language_code varchar_pattern_ops);


--
-- Name: core_action_translation_master_id_668f28a9; Type: INDEX; Schema: public; Owner: postgres; Tablespace: 
--

CREATE INDEX core_action_translation_master_id_668f28a9 ON core_action_translation USING btree (master_id);


--
-- Name: core_availablestreet_translation_language_code_c14b8a71; Type: INDEX; Schema: public; Owner: postgres; Tablespace: 
--

CREATE INDEX core_availablestreet_translation_language_code_c14b8a71 ON core_availablestreet_translation USING btree (language_code);


--
-- Name: core_availablestreet_translation_language_code_c14b8a71_like; Type: INDEX; Schema: public; Owner: postgres; Tablespace: 
--

CREATE INDEX core_availablestreet_translation_language_code_c14b8a71_like ON core_availablestreet_translation USING btree (language_code varchar_pattern_ops);


--
-- Name: core_availablestreet_translation_master_id_ffbe7194; Type: INDEX; Schema: public; Owner: postgres; Tablespace: 
--

CREATE INDEX core_availablestreet_translation_master_id_ffbe7194 ON core_availablestreet_translation USING btree (master_id);


--
-- Name: core_siteconfiguration_translation_language_code_dd2ed7a5; Type: INDEX; Schema: public; Owner: postgres; Tablespace: 
--

CREATE INDEX core_siteconfiguration_translation_language_code_dd2ed7a5 ON core_siteconfiguration_translation USING btree (language_code);


--
-- Name: core_siteconfiguration_translation_language_code_dd2ed7a5_like; Type: INDEX; Schema: public; Owner: postgres; Tablespace: 
--

CREATE INDEX core_siteconfiguration_translation_language_code_dd2ed7a5_like ON core_siteconfiguration_translation USING btree (language_code varchar_pattern_ops);


--
-- Name: core_siteconfiguration_translation_master_id_63bdc834; Type: INDEX; Schema: public; Owner: postgres; Tablespace: 
--

CREATE INDEX core_siteconfiguration_translation_master_id_63bdc834 ON core_siteconfiguration_translation USING btree (master_id);


--
-- Name: core_sliderimage_config_id_80cb7266; Type: INDEX; Schema: public; Owner: postgres; Tablespace: 
--

CREATE INDEX core_sliderimage_config_id_80cb7266 ON core_sliderimage USING btree (config_id);


--
-- Name: core_smstemplate_config_id_11635a04; Type: INDEX; Schema: public; Owner: postgres; Tablespace: 
--

CREATE INDEX core_smstemplate_config_id_11635a04 ON core_smstemplate USING btree (config_id);


--
-- Name: core_smstemplate_slug_521e7d4d_like; Type: INDEX; Schema: public; Owner: postgres; Tablespace: 
--

CREATE INDEX core_smstemplate_slug_521e7d4d_like ON core_smstemplate USING btree (slug varchar_pattern_ops);


--
-- Name: core_sociallink_config_id_596ec101; Type: INDEX; Schema: public; Owner: postgres; Tablespace: 
--

CREATE INDEX core_sociallink_config_id_596ec101 ON core_sociallink USING btree (config_id);


--
-- Name: django_admin_log_content_type_id_c4bce8eb; Type: INDEX; Schema: public; Owner: postgres; Tablespace: 
--

CREATE INDEX django_admin_log_content_type_id_c4bce8eb ON django_admin_log USING btree (content_type_id);


--
-- Name: django_admin_log_user_id_c564eba6; Type: INDEX; Schema: public; Owner: postgres; Tablespace: 
--

CREATE INDEX django_admin_log_user_id_c564eba6 ON django_admin_log USING btree (user_id);


--
-- Name: django_session_expire_date_a5c62663; Type: INDEX; Schema: public; Owner: postgres; Tablespace: 
--

CREATE INDEX django_session_expire_date_a5c62663 ON django_session USING btree (expire_date);


--
-- Name: django_session_session_key_c0390e0f_like; Type: INDEX; Schema: public; Owner: postgres; Tablespace: 
--

CREATE INDEX django_session_session_key_c0390e0f_like ON django_session USING btree (session_key varchar_pattern_ops);


--
-- Name: djcelery_periodictask_crontab_id_75609bab; Type: INDEX; Schema: public; Owner: postgres; Tablespace: 
--

CREATE INDEX djcelery_periodictask_crontab_id_75609bab ON djcelery_periodictask USING btree (crontab_id);


--
-- Name: djcelery_periodictask_interval_id_b426ab02; Type: INDEX; Schema: public; Owner: postgres; Tablespace: 
--

CREATE INDEX djcelery_periodictask_interval_id_b426ab02 ON djcelery_periodictask USING btree (interval_id);


--
-- Name: djcelery_periodictask_name_cb62cda9_like; Type: INDEX; Schema: public; Owner: postgres; Tablespace: 
--

CREATE INDEX djcelery_periodictask_name_cb62cda9_like ON djcelery_periodictask USING btree (name varchar_pattern_ops);


--
-- Name: djcelery_taskstate_hidden_c3905e57; Type: INDEX; Schema: public; Owner: postgres; Tablespace: 
--

CREATE INDEX djcelery_taskstate_hidden_c3905e57 ON djcelery_taskstate USING btree (hidden);


--
-- Name: djcelery_taskstate_name_8af9eded; Type: INDEX; Schema: public; Owner: postgres; Tablespace: 
--

CREATE INDEX djcelery_taskstate_name_8af9eded ON djcelery_taskstate USING btree (name);


--
-- Name: djcelery_taskstate_name_8af9eded_like; Type: INDEX; Schema: public; Owner: postgres; Tablespace: 
--

CREATE INDEX djcelery_taskstate_name_8af9eded_like ON djcelery_taskstate USING btree (name varchar_pattern_ops);


--
-- Name: djcelery_taskstate_state_53543be4; Type: INDEX; Schema: public; Owner: postgres; Tablespace: 
--

CREATE INDEX djcelery_taskstate_state_53543be4 ON djcelery_taskstate USING btree (state);


--
-- Name: djcelery_taskstate_state_53543be4_like; Type: INDEX; Schema: public; Owner: postgres; Tablespace: 
--

CREATE INDEX djcelery_taskstate_state_53543be4_like ON djcelery_taskstate USING btree (state varchar_pattern_ops);


--
-- Name: djcelery_taskstate_task_id_9d2efdb5_like; Type: INDEX; Schema: public; Owner: postgres; Tablespace: 
--

CREATE INDEX djcelery_taskstate_task_id_9d2efdb5_like ON djcelery_taskstate USING btree (task_id varchar_pattern_ops);


--
-- Name: djcelery_taskstate_tstamp_4c3f93a1; Type: INDEX; Schema: public; Owner: postgres; Tablespace: 
--

CREATE INDEX djcelery_taskstate_tstamp_4c3f93a1 ON djcelery_taskstate USING btree (tstamp);


--
-- Name: djcelery_taskstate_worker_id_f7f57a05; Type: INDEX; Schema: public; Owner: postgres; Tablespace: 
--

CREATE INDEX djcelery_taskstate_worker_id_f7f57a05 ON djcelery_taskstate USING btree (worker_id);


--
-- Name: djcelery_workerstate_hostname_b31c7fab_like; Type: INDEX; Schema: public; Owner: postgres; Tablespace: 
--

CREATE INDEX djcelery_workerstate_hostname_b31c7fab_like ON djcelery_workerstate USING btree (hostname varchar_pattern_ops);


--
-- Name: djcelery_workerstate_last_heartbeat_4539b544; Type: INDEX; Schema: public; Owner: postgres; Tablespace: 
--

CREATE INDEX djcelery_workerstate_last_heartbeat_4539b544 ON djcelery_workerstate USING btree (last_heartbeat);


--
-- Name: easy_thumbnails_source_name_5fe0edc6; Type: INDEX; Schema: public; Owner: postgres; Tablespace: 
--

CREATE INDEX easy_thumbnails_source_name_5fe0edc6 ON easy_thumbnails_source USING btree (name);


--
-- Name: easy_thumbnails_source_name_5fe0edc6_like; Type: INDEX; Schema: public; Owner: postgres; Tablespace: 
--

CREATE INDEX easy_thumbnails_source_name_5fe0edc6_like ON easy_thumbnails_source USING btree (name varchar_pattern_ops);


--
-- Name: easy_thumbnails_source_storage_hash_946cbcc9; Type: INDEX; Schema: public; Owner: postgres; Tablespace: 
--

CREATE INDEX easy_thumbnails_source_storage_hash_946cbcc9 ON easy_thumbnails_source USING btree (storage_hash);


--
-- Name: easy_thumbnails_source_storage_hash_946cbcc9_like; Type: INDEX; Schema: public; Owner: postgres; Tablespace: 
--

CREATE INDEX easy_thumbnails_source_storage_hash_946cbcc9_like ON easy_thumbnails_source USING btree (storage_hash varchar_pattern_ops);


--
-- Name: easy_thumbnails_thumbnail_name_b5882c31; Type: INDEX; Schema: public; Owner: postgres; Tablespace: 
--

CREATE INDEX easy_thumbnails_thumbnail_name_b5882c31 ON easy_thumbnails_thumbnail USING btree (name);


--
-- Name: easy_thumbnails_thumbnail_name_b5882c31_like; Type: INDEX; Schema: public; Owner: postgres; Tablespace: 
--

CREATE INDEX easy_thumbnails_thumbnail_name_b5882c31_like ON easy_thumbnails_thumbnail USING btree (name varchar_pattern_ops);


--
-- Name: easy_thumbnails_thumbnail_source_id_5b57bc77; Type: INDEX; Schema: public; Owner: postgres; Tablespace: 
--

CREATE INDEX easy_thumbnails_thumbnail_source_id_5b57bc77 ON easy_thumbnails_thumbnail USING btree (source_id);


--
-- Name: easy_thumbnails_thumbnail_storage_hash_f1435f49; Type: INDEX; Schema: public; Owner: postgres; Tablespace: 
--

CREATE INDEX easy_thumbnails_thumbnail_storage_hash_f1435f49 ON easy_thumbnails_thumbnail USING btree (storage_hash);


--
-- Name: easy_thumbnails_thumbnail_storage_hash_f1435f49_like; Type: INDEX; Schema: public; Owner: postgres; Tablespace: 
--

CREATE INDEX easy_thumbnails_thumbnail_storage_hash_f1435f49_like ON easy_thumbnails_thumbnail USING btree (storage_hash varchar_pattern_ops);


--
-- Name: users_appuser_groups_appuser_id_dc564bd4; Type: INDEX; Schema: public; Owner: postgres; Tablespace: 
--

CREATE INDEX users_appuser_groups_appuser_id_dc564bd4 ON users_appuser_groups USING btree (appuser_id);


--
-- Name: users_appuser_groups_group_id_b7d03aa4; Type: INDEX; Schema: public; Owner: postgres; Tablespace: 
--

CREATE INDEX users_appuser_groups_group_id_b7d03aa4 ON users_appuser_groups USING btree (group_id);


--
-- Name: users_appuser_phone_deb48f20_like; Type: INDEX; Schema: public; Owner: postgres; Tablespace: 
--

CREATE INDEX users_appuser_phone_deb48f20_like ON users_appuser USING btree (phone varchar_pattern_ops);


--
-- Name: users_appuser_user_permissions_appuser_id_7372a2b1; Type: INDEX; Schema: public; Owner: postgres; Tablespace: 
--

CREATE INDEX users_appuser_user_permissions_appuser_id_7372a2b1 ON users_appuser_user_permissions USING btree (appuser_id);


--
-- Name: users_appuser_user_permissions_permission_id_6c242eef; Type: INDEX; Schema: public; Owner: postgres; Tablespace: 
--

CREATE INDEX users_appuser_user_permissions_permission_id_6c242eef ON users_appuser_user_permissions USING btree (permission_id);


--
-- Name: users_passworduser_user_id_158a530d; Type: INDEX; Schema: public; Owner: postgres; Tablespace: 
--

CREATE INDEX users_passworduser_user_id_158a530d ON users_passworduser USING btree (user_id);


--
-- Name: users_phoneverification_token_6a2041f3; Type: INDEX; Schema: public; Owner: postgres; Tablespace: 
--

CREATE INDEX users_phoneverification_token_6a2041f3 ON users_phoneverification USING btree (token);


--
-- Name: users_phoneverification_token_6a2041f3_like; Type: INDEX; Schema: public; Owner: postgres; Tablespace: 
--

CREATE INDEX users_phoneverification_token_6a2041f3_like ON users_phoneverification USING btree (token varchar_pattern_ops);


--
-- Name: users_phoneverification_user_id_ee59fede; Type: INDEX; Schema: public; Owner: postgres; Tablespace: 
--

CREATE INDEX users_phoneverification_user_id_ee59fede ON users_phoneverification USING btree (user_id);


--
-- Name: auth_group_permissio_permission_id_84c5c92e_fk_auth_perm; Type: FK CONSTRAINT; Schema: public; Owner: postgres
--

ALTER TABLE ONLY auth_group_permissions
    ADD CONSTRAINT auth_group_permissio_permission_id_84c5c92e_fk_auth_perm FOREIGN KEY (permission_id) REFERENCES auth_permission(id) DEFERRABLE INITIALLY DEFERRED;


--
-- Name: auth_group_permissions_group_id_b120cbf9_fk_auth_group_id; Type: FK CONSTRAINT; Schema: public; Owner: postgres
--

ALTER TABLE ONLY auth_group_permissions
    ADD CONSTRAINT auth_group_permissions_group_id_b120cbf9_fk_auth_group_id FOREIGN KEY (group_id) REFERENCES auth_group(id) DEFERRABLE INITIALLY DEFERRED;


--
-- Name: auth_permission_content_type_id_2f476e4b_fk_django_co; Type: FK CONSTRAINT; Schema: public; Owner: postgres
--

ALTER TABLE ONLY auth_permission
    ADD CONSTRAINT auth_permission_content_type_id_2f476e4b_fk_django_co FOREIGN KEY (content_type_id) REFERENCES django_content_type(id) DEFERRABLE INITIALLY DEFERRED;


--
-- Name: cart_cart_user_id_9b4220b9_fk_users_appuser_id; Type: FK CONSTRAINT; Schema: public; Owner: postgres
--

ALTER TABLE ONLY cart_cart
    ADD CONSTRAINT cart_cart_user_id_9b4220b9_fk_users_appuser_id FOREIGN KEY (user_id) REFERENCES users_appuser(id) DEFERRABLE INITIALLY DEFERRED;


--
-- Name: cart_cartitem_cart_id_370ad265_fk_cart_cart_id; Type: FK CONSTRAINT; Schema: public; Owner: postgres
--

ALTER TABLE ONLY cart_cartitem
    ADD CONSTRAINT cart_cartitem_cart_id_370ad265_fk_cart_cart_id FOREIGN KEY (cart_id) REFERENCES cart_cart(id) DEFERRABLE INITIALLY DEFERRED;


--
-- Name: cart_cartitem_price_id_a4c7eb6d_fk_catalog_productprice_id; Type: FK CONSTRAINT; Schema: public; Owner: postgres
--

ALTER TABLE ONLY cart_cartitem
    ADD CONSTRAINT cart_cartitem_price_id_a4c7eb6d_fk_catalog_productprice_id FOREIGN KEY (price_id) REFERENCES catalog_productprice(id) DEFERRABLE INITIALLY DEFERRED;


--
-- Name: cart_order_address_id_6cc47865_fk_cart_address_id; Type: FK CONSTRAINT; Schema: public; Owner: postgres
--

ALTER TABLE ONLY cart_order
    ADD CONSTRAINT cart_order_address_id_6cc47865_fk_cart_address_id FOREIGN KEY (address_id) REFERENCES cart_address(id) DEFERRABLE INITIALLY DEFERRED;


--
-- Name: cart_order_cart_id_3d97d381_fk_cart_cart_id; Type: FK CONSTRAINT; Schema: public; Owner: postgres
--

ALTER TABLE ONLY cart_order
    ADD CONSTRAINT cart_order_cart_id_3d97d381_fk_cart_cart_id FOREIGN KEY (cart_id) REFERENCES cart_cart(id) DEFERRABLE INITIALLY DEFERRED;


--
-- Name: cart_order_user_id_279b5d53_fk_users_appuser_id; Type: FK CONSTRAINT; Schema: public; Owner: postgres
--

ALTER TABLE ONLY cart_order
    ADD CONSTRAINT cart_order_user_id_279b5d53_fk_users_appuser_id FOREIGN KEY (user_id) REFERENCES users_appuser(id) DEFERRABLE INITIALLY DEFERRED;


--
-- Name: catalog_action_trans_master_id_7128f09b_fk_catalog_a; Type: FK CONSTRAINT; Schema: public; Owner: postgres
--

ALTER TABLE ONLY catalog_action_translation
    ADD CONSTRAINT catalog_action_trans_master_id_7128f09b_fk_catalog_a FOREIGN KEY (master_id) REFERENCES catalog_action(id) DEFERRABLE INITIALLY DEFERRED;


--
-- Name: catalog_category_tra_master_id_472f6ace_fk_catalog_c; Type: FK CONSTRAINT; Schema: public; Owner: postgres
--

ALTER TABLE ONLY catalog_category_translation
    ADD CONSTRAINT catalog_category_tra_master_id_472f6ace_fk_catalog_c FOREIGN KEY (master_id) REFERENCES catalog_category(id) DEFERRABLE INITIALLY DEFERRED;


--
-- Name: catalog_favoriteprod_product_id_3cbd65b3_fk_catalog_p; Type: FK CONSTRAINT; Schema: public; Owner: postgres
--

ALTER TABLE ONLY catalog_favoriteproduct
    ADD CONSTRAINT catalog_favoriteprod_product_id_3cbd65b3_fk_catalog_p FOREIGN KEY (product_id) REFERENCES catalog_product(id) DEFERRABLE INITIALLY DEFERRED;


--
-- Name: catalog_favoriteproduct_user_id_5845ac83_fk_users_appuser_id; Type: FK CONSTRAINT; Schema: public; Owner: postgres
--

ALTER TABLE ONLY catalog_favoriteproduct
    ADD CONSTRAINT catalog_favoriteproduct_user_id_5845ac83_fk_users_appuser_id FOREIGN KEY (user_id) REFERENCES users_appuser(id) DEFERRABLE INITIALLY DEFERRED;


--
-- Name: catalog_image_content_type_id_27ed970b_fk_django_co; Type: FK CONSTRAINT; Schema: public; Owner: postgres
--

ALTER TABLE ONLY catalog_image
    ADD CONSTRAINT catalog_image_content_type_id_27ed970b_fk_django_co FOREIGN KEY (content_type_id) REFERENCES django_content_type(id) DEFERRABLE INITIALLY DEFERRED;


--
-- Name: catalog_product_action_id_884fd75d_fk_catalog_action_id; Type: FK CONSTRAINT; Schema: public; Owner: postgres
--

ALTER TABLE ONLY catalog_product
    ADD CONSTRAINT catalog_product_action_id_884fd75d_fk_catalog_action_id FOREIGN KEY (action_id) REFERENCES catalog_action(id) DEFERRABLE INITIALLY DEFERRED;


--
-- Name: catalog_product_category_id_35bf920b_fk_catalog_category_id; Type: FK CONSTRAINT; Schema: public; Owner: postgres
--

ALTER TABLE ONLY catalog_product
    ADD CONSTRAINT catalog_product_category_id_35bf920b_fk_catalog_category_id FOREIGN KEY (category_id) REFERENCES catalog_category(id) DEFERRABLE INITIALLY DEFERRED;


--
-- Name: catalog_product_spec_from_product_id_eeab9057_fk_catalog_p; Type: FK CONSTRAINT; Schema: public; Owner: postgres
--

ALTER TABLE ONLY catalog_product_specials
    ADD CONSTRAINT catalog_product_spec_from_product_id_eeab9057_fk_catalog_p FOREIGN KEY (from_product_id) REFERENCES catalog_product(id) DEFERRABLE INITIALLY DEFERRED;


--
-- Name: catalog_product_spec_to_product_id_d8ee2436_fk_catalog_p; Type: FK CONSTRAINT; Schema: public; Owner: postgres
--

ALTER TABLE ONLY catalog_product_specials
    ADD CONSTRAINT catalog_product_spec_to_product_id_d8ee2436_fk_catalog_p FOREIGN KEY (to_product_id) REFERENCES catalog_product(id) DEFERRABLE INITIALLY DEFERRED;


--
-- Name: catalog_product_tran_master_id_f31e6034_fk_catalog_p; Type: FK CONSTRAINT; Schema: public; Owner: postgres
--

ALTER TABLE ONLY catalog_product_translation
    ADD CONSTRAINT catalog_product_tran_master_id_f31e6034_fk_catalog_p FOREIGN KEY (master_id) REFERENCES catalog_product(id) DEFERRABLE INITIALLY DEFERRED;


--
-- Name: catalog_productprice_master_id_cba89a17_fk_catalog_p; Type: FK CONSTRAINT; Schema: public; Owner: postgres
--

ALTER TABLE ONLY catalog_productprice_translation
    ADD CONSTRAINT catalog_productprice_master_id_cba89a17_fk_catalog_p FOREIGN KEY (master_id) REFERENCES catalog_productprice(id) DEFERRABLE INITIALLY DEFERRED;


--
-- Name: catalog_productprice_product_id_9195f876_fk_catalog_product_id; Type: FK CONSTRAINT; Schema: public; Owner: postgres
--

ALTER TABLE ONLY catalog_productprice
    ADD CONSTRAINT catalog_productprice_product_id_9195f876_fk_catalog_product_id FOREIGN KEY (product_id) REFERENCES catalog_product(id) DEFERRABLE INITIALLY DEFERRED;


--
-- Name: core_action_translation_master_id_668f28a9_fk_core_action_id; Type: FK CONSTRAINT; Schema: public; Owner: postgres
--

ALTER TABLE ONLY core_action_translation
    ADD CONSTRAINT core_action_translation_master_id_668f28a9_fk_core_action_id FOREIGN KEY (master_id) REFERENCES core_action(id) DEFERRABLE INITIALLY DEFERRED;


--
-- Name: core_availablestreet_master_id_ffbe7194_fk_core_avai; Type: FK CONSTRAINT; Schema: public; Owner: postgres
--

ALTER TABLE ONLY core_availablestreet_translation
    ADD CONSTRAINT core_availablestreet_master_id_ffbe7194_fk_core_avai FOREIGN KEY (master_id) REFERENCES core_availablestreet(id) DEFERRABLE INITIALLY DEFERRED;


--
-- Name: core_siteconfigurati_master_id_63bdc834_fk_core_site; Type: FK CONSTRAINT; Schema: public; Owner: postgres
--

ALTER TABLE ONLY core_siteconfiguration_translation
    ADD CONSTRAINT core_siteconfigurati_master_id_63bdc834_fk_core_site FOREIGN KEY (master_id) REFERENCES core_siteconfiguration(id) DEFERRABLE INITIALLY DEFERRED;


--
-- Name: core_sliderimage_config_id_80cb7266_fk_core_site; Type: FK CONSTRAINT; Schema: public; Owner: postgres
--

ALTER TABLE ONLY core_sliderimage
    ADD CONSTRAINT core_sliderimage_config_id_80cb7266_fk_core_site FOREIGN KEY (config_id) REFERENCES core_siteconfiguration(id) DEFERRABLE INITIALLY DEFERRED;


--
-- Name: core_smstemplate_config_id_11635a04_fk_core_site; Type: FK CONSTRAINT; Schema: public; Owner: postgres
--

ALTER TABLE ONLY core_smstemplate
    ADD CONSTRAINT core_smstemplate_config_id_11635a04_fk_core_site FOREIGN KEY (config_id) REFERENCES core_siteconfiguration(id) DEFERRABLE INITIALLY DEFERRED;


--
-- Name: core_sociallink_config_id_596ec101_fk_core_siteconfiguration_id; Type: FK CONSTRAINT; Schema: public; Owner: postgres
--

ALTER TABLE ONLY core_sociallink
    ADD CONSTRAINT core_sociallink_config_id_596ec101_fk_core_siteconfiguration_id FOREIGN KEY (config_id) REFERENCES core_siteconfiguration(id) DEFERRABLE INITIALLY DEFERRED;


--
-- Name: django_admin_log_content_type_id_c4bce8eb_fk_django_co; Type: FK CONSTRAINT; Schema: public; Owner: postgres
--

ALTER TABLE ONLY django_admin_log
    ADD CONSTRAINT django_admin_log_content_type_id_c4bce8eb_fk_django_co FOREIGN KEY (content_type_id) REFERENCES django_content_type(id) DEFERRABLE INITIALLY DEFERRED;


--
-- Name: django_admin_log_user_id_c564eba6_fk_users_appuser_id; Type: FK CONSTRAINT; Schema: public; Owner: postgres
--

ALTER TABLE ONLY django_admin_log
    ADD CONSTRAINT django_admin_log_user_id_c564eba6_fk_users_appuser_id FOREIGN KEY (user_id) REFERENCES users_appuser(id) DEFERRABLE INITIALLY DEFERRED;


--
-- Name: djcelery_periodictas_crontab_id_75609bab_fk_djcelery_; Type: FK CONSTRAINT; Schema: public; Owner: postgres
--

ALTER TABLE ONLY djcelery_periodictask
    ADD CONSTRAINT djcelery_periodictas_crontab_id_75609bab_fk_djcelery_ FOREIGN KEY (crontab_id) REFERENCES djcelery_crontabschedule(id) DEFERRABLE INITIALLY DEFERRED;


--
-- Name: djcelery_periodictas_interval_id_b426ab02_fk_djcelery_; Type: FK CONSTRAINT; Schema: public; Owner: postgres
--

ALTER TABLE ONLY djcelery_periodictask
    ADD CONSTRAINT djcelery_periodictas_interval_id_b426ab02_fk_djcelery_ FOREIGN KEY (interval_id) REFERENCES djcelery_intervalschedule(id) DEFERRABLE INITIALLY DEFERRED;


--
-- Name: djcelery_taskstate_worker_id_f7f57a05_fk_djcelery_; Type: FK CONSTRAINT; Schema: public; Owner: postgres
--

ALTER TABLE ONLY djcelery_taskstate
    ADD CONSTRAINT djcelery_taskstate_worker_id_f7f57a05_fk_djcelery_ FOREIGN KEY (worker_id) REFERENCES djcelery_workerstate(id) DEFERRABLE INITIALLY DEFERRED;


--
-- Name: easy_thumbnails_thum_source_id_5b57bc77_fk_easy_thum; Type: FK CONSTRAINT; Schema: public; Owner: postgres
--

ALTER TABLE ONLY easy_thumbnails_thumbnail
    ADD CONSTRAINT easy_thumbnails_thum_source_id_5b57bc77_fk_easy_thum FOREIGN KEY (source_id) REFERENCES easy_thumbnails_source(id) DEFERRABLE INITIALLY DEFERRED;


--
-- Name: easy_thumbnails_thum_thumbnail_id_c3a0c549_fk_easy_thum; Type: FK CONSTRAINT; Schema: public; Owner: postgres
--

ALTER TABLE ONLY easy_thumbnails_thumbnaildimensions
    ADD CONSTRAINT easy_thumbnails_thum_thumbnail_id_c3a0c549_fk_easy_thum FOREIGN KEY (thumbnail_id) REFERENCES easy_thumbnails_thumbnail(id) DEFERRABLE INITIALLY DEFERRED;


--
-- Name: users_appuser_groups_appuser_id_dc564bd4_fk_users_appuser_id; Type: FK CONSTRAINT; Schema: public; Owner: postgres
--

ALTER TABLE ONLY users_appuser_groups
    ADD CONSTRAINT users_appuser_groups_appuser_id_dc564bd4_fk_users_appuser_id FOREIGN KEY (appuser_id) REFERENCES users_appuser(id) DEFERRABLE INITIALLY DEFERRED;


--
-- Name: users_appuser_groups_group_id_b7d03aa4_fk_auth_group_id; Type: FK CONSTRAINT; Schema: public; Owner: postgres
--

ALTER TABLE ONLY users_appuser_groups
    ADD CONSTRAINT users_appuser_groups_group_id_b7d03aa4_fk_auth_group_id FOREIGN KEY (group_id) REFERENCES auth_group(id) DEFERRABLE INITIALLY DEFERRED;


--
-- Name: users_appuser_user_p_appuser_id_7372a2b1_fk_users_app; Type: FK CONSTRAINT; Schema: public; Owner: postgres
--

ALTER TABLE ONLY users_appuser_user_permissions
    ADD CONSTRAINT users_appuser_user_p_appuser_id_7372a2b1_fk_users_app FOREIGN KEY (appuser_id) REFERENCES users_appuser(id) DEFERRABLE INITIALLY DEFERRED;


--
-- Name: users_appuser_user_p_permission_id_6c242eef_fk_auth_perm; Type: FK CONSTRAINT; Schema: public; Owner: postgres
--

ALTER TABLE ONLY users_appuser_user_permissions
    ADD CONSTRAINT users_appuser_user_p_permission_id_6c242eef_fk_auth_perm FOREIGN KEY (permission_id) REFERENCES auth_permission(id) DEFERRABLE INITIALLY DEFERRED;


--
-- Name: users_passworduser_user_id_158a530d_fk_users_appuser_id; Type: FK CONSTRAINT; Schema: public; Owner: postgres
--

ALTER TABLE ONLY users_passworduser
    ADD CONSTRAINT users_passworduser_user_id_158a530d_fk_users_appuser_id FOREIGN KEY (user_id) REFERENCES users_appuser(id) DEFERRABLE INITIALLY DEFERRED;


--
-- Name: users_phoneverification_user_id_ee59fede_fk_users_appuser_id; Type: FK CONSTRAINT; Schema: public; Owner: postgres
--

ALTER TABLE ONLY users_phoneverification
    ADD CONSTRAINT users_phoneverification_user_id_ee59fede_fk_users_appuser_id FOREIGN KEY (user_id) REFERENCES users_appuser(id) DEFERRABLE INITIALLY DEFERRED;


--
-- Name: public; Type: ACL; Schema: -; Owner: postgres
--

REVOKE ALL ON SCHEMA public FROM PUBLIC;
REVOKE ALL ON SCHEMA public FROM postgres;
GRANT ALL ON SCHEMA public TO postgres;
GRANT ALL ON SCHEMA public TO PUBLIC;


--
-- PostgreSQL database dump complete
--

